slug,title,fluff_phrases,intro_word_count,related_count,substitution_notes,dietary_tips,doneness_review_candidates,doneness_examples,bare_oven_celsius
bun-rieu,Bún Riêu,,82,4,1,1,2,"step 4: Pour in the stock, add the tamarind, sugar and remaining fish sauce and bring to a simmer. | step 9: Soak or boil the vermicelli as the packet directs and divide between bowls.",0
pork-pie,Melton Mowbray Pork Pie,,134,4,0,0,2,"step 2: Mix the chopped pork with the salt, white pepper, mace, nutmeg, sage and cold water. Fry a teaspoon of it to check the seasoning. | step 4: Boil the lard and water together, pour it into the well and mix quickly with a spoon, then bring together by hand.",0
baccala-mantecato,Baccalà Mantecato,,102,4,0,0,1,"step 6: As it takes and pales, add the oil in a thin stream, loosening with a spoonful of the poaching milk if it stiffens.",0
bang-bang-chicken,Bang Bang Chicken,,104,4,3,1,1,step 5: Loosen the sesame paste with the 3 tbsp poaching liquid until it pours.,0
brasato-al-barolo,Brasato al Barolo,,125,4,1,0,1,"step 8: Lift the beef out and rest it under foil. Strain the sauce, pressing the vegetables through a sieve, and boil it down to about 400 ml.",0
buddha-bowl,Roasted Vegetable Buddha Bowl,,80,4,1,0,1,"step 7: Build each bowl in sections rather than mixing: grains on one side, roast vegetables, chickpeas, raw greens, avocado.",0
carnitas,Slow-Braised Carnitas,,81,4,3,0,1,"step 8: Spoon over a little of the strained braising juices to rehydrate, then serve on warm tortillas with onion, coriander and lime.",0
chocolate-cake,Classic Chocolate Layer Cake,,124,4,2,0,1,step 2: Whisk the cocoa into the boiling coffee until smooth and leave to cool to warm. It will look like thin mud and smell like the finished cake.,0
cinnamon-sugar-donuts,Cinnamon Sugar Doughnuts,,88,4,0,0,1,"step 9: Mix the cinnamon, sugar and salt in a bowl and roll each doughnut in it while still hot enough to steam.",0
cockles-and-laverbread,Cockles and Laverbread,,111,4,0,0,1,"step 7: Serve the cakes with the cockles, the bacon and hot toast, with lemon on the side.",0
corn-dogs,Corn Dogs,,84,4,1,1,1,"step 8: Drain on a rack, not paper, and fry the rest in batches of two. Serve hot with mustard.",0
corned-beef-hash,Corned Beef Hash,,86,4,0,1,1,step 10: Fry the eggs separately and serve them on top with the parsley scattered over.,0
croque-madame,Croque Madame,,88,4,0,1,1,step 8: Fry the eggs in a little butter over low heat while the sandwiches grill.,0
crumpets,Crumpets,,88,4,0,0,1,"step 9: Cool on a rack. Toast before eating, hole side up, and butter heavily.",0
da-pan-ji,Da Pan Ji,,118,4,3,1,1,"step 9: Boil the noodles separately, drain them and lay them on a large platter.",0
di-san-xian,Di San Xian,,99,4,2,1,1,"step 7: Add both soy sauces, the wine, sugar, salt and water and bring to a simmer.",0
drunken-chicken,Drunken Chicken,,109,4,2,0,1,step 4: Strain 300 ml of the poaching stock and cool it completely.,0
eggs-benedict,Eggs Benedict,,81,4,1,0,1,step 8: Toast and butter the muffin halves and warm the ham in a dry pan for a minute a side.,0
faggots-and-peas,Faggots and Peas,,106,4,0,2,1,"step 2: Mix with the breadcrumbs, sage, salt, pepper, mace and egg. Fry a teaspoon to check the seasoning.",0
flammkuchen,Flammkuchen,,86,4,0,1,1,step 4: Divide the dough in two and roll each piece paper-thin on baking parchment. Do not worry about the shape.,0
francesinha,Francesinha,,87,4,2,2,1,step 6: Toast the bread lightly on both sides.,0
ftair,Ftair,,99,4,0,1,1,step 3: Heat the frying oil to 175°C.,0
grits,Cheesy Grits,,80,4,2,0,1,step 1: Bring the milk and stock to a simmer with the salt in a heavy pan.,0
ile-flottante,Île Flottante,,87,4,0,0,1,step 6: Boil the caramel sugar and water to a deep amber.,0
jjajangmyeon,Jjajangmyeon,,92,4,1,0,1,"step 9: Boil the noodles as the packet directs, drain and divide between bowls.",0
kafta-bil-sanieh,Kafta bil Sanieh,,116,4,0,0,1,step 3: Press the mixture into an even 1.5 cm layer across the base of a 30 cm round or equivalent roasting tray.,0
kalua-pork,Kalua Pork,,85,4,0,0,1,"step 4: If using banana leaves, pass them briefly over a flame or dip them in boiling water to make them pliable.",0
kleftiko,Lamb Kleftiko,,93,4,3,0,1,step 4: Lay a large sheet of foil in a roasting tin and a sheet of baking parchment on top.,0
langos,Lángos,,70,4,1,1,1,"step 9: Eat straight away, and fry the next one.",0
lanzhou-beef-noodles,Lanzhou Beef Noodle Soup,,90,4,3,0,1,step 9: Boil the noodles as the packet directs and divide between bowls.,0
latkes,Potato Latkes,,126,4,0,1,1,step 8: Drain on a rack rather than kitchen paper — paper steams the underside — and salt at once.,0
lechon-kawali,Lechon Kawali,,69,4,2,1,1,step 5: Take it out an hour before frying. Pat the skin dry again and prick it all over with a skewer.,0
lemon-drizzle-cake,Lemon Drizzle Cake,,82,4,1,0,1,"step 6: While it bakes, stir the granulated sugar and lemon juice together. Do not heat it — the sugar should stay granular.",0
lumpia,Lumpiang Shanghai,,85,4,3,2,1,"step 2: Fry a teaspoon of the mixture to taste it, and correct the seasoning.",0
mamaliga,Mămăligă,,106,4,0,0,1,step 1: Bring the water to a rolling boil in a heavy pan and add the salt.,0
mashed-potatoes,Creamy Mashed Potatoes,,119,4,1,0,1,step 5: Warm the milk and cream together until steaming; cold dairy will chill the mash and force you to overwork it.,0
pappardelle-al-cinghiale,Pappardelle al Cinghiale,,102,4,1,0,1,"step 7: Boil the pappardelle, drain, and toss through the ragù with a splash of the pasta water.",0
pasta-alla-genovese,Pasta alla Genovese,,107,4,1,0,1,"step 7: Boil the pasta, drain, and toss through the sauce with a splash of the water and the parmesan.",0
pho-bo,Phở Bò (Beef Noodle Soup),,74,4,3,1,1,"step 9: Lay the raw sirloin and sliced brisket over the noodles, then ladle the boiling broth over — it will cook the raw beef in seconds.",0
pho-ga,Phở Gà,,92,4,3,1,1,step 9: Soak or boil the noodles as the packet directs and divide between bowls with the shredded chicken.,0
poulet-roti,Poulet Rôti,,112,4,3,0,1,"step 7: Skim the tin, add the stock, boil hard scraping the base, and whisk in the cold butter. Carve and serve with the juices.",0
ragu-bolognese,Ragù alla Bolognese,,95,4,1,0,1,"step 9: Boil the tagliatelle in well-salted water until al dente and drain, keeping a little water.",0
roasted-tomato-basil-soup,Roasted Tomato and Basil Soup,,94,4,2,0,1,"step 8: Taste for salt. If it still reads sharp, another few minutes of simmering will do more than sugar would.",0
sauerbraten,Sauerbraten,,79,4,0,0,1,"step 1: Bring the vinegar, wine, water, onions, carrots, spices, bay and salt to the boil, then cool completely.",0
scrambled-eggs,Perfect Scrambled Eggs,,82,4,1,0,1,"step 8: Pile onto the buttered toast, scatter the chives over and eat immediately.",0
sesame-peanut-noodles,Sesame Peanut Noodles,,121,4,3,1,1,"step 1: Bring a large pan of water to a boil and cook the noodles to the packet time. Reserve 250 ml of the cooking water, then drain and rinse the noodles under cold water until completely cool.",0
shoyu-ramen,Shoyu Ramen,,89,4,2,1,1,"step 9: Boil the noodles as the packet directs, drain hard, and lift into the bowls.",0
spaghetti-meatballs,Spaghetti and Meatballs,,79,4,2,0,1,step 9: Boil the spaghetti in well-salted water until al dente and drain.,0
tattie-scones,Tattie Scones,,89,4,0,1,1,"step 10: Serve hot, or cool and fry in bacon fat the next morning.",0
tempura,Crispy Vegetable Tempura,,89,4,0,2,1,"step 2: Make the tentsuyu: bring the dashi, soy sauce and mirin to a simmer, then cool. Serve with a mound of grated daikon stirred in at the table.",0
uttapam,Uttapam,,85,4,1,0,1,step 5: Heat a heavy frying pan over a medium heat and brush with sesame oil.,0
white-bean-stew,Tuscan White Bean Stew,,117,4,1,0,1,step 9: Serve over the garlic toast with parsley and a hard drizzle of good olive oil.,0
aam-panna,Aam Panna,,92,4,0,0,0,,0
acai-bowl,Açaí Bowl,,84,4,0,0,0,,0
ackee-and-saltfish,Ackee and Saltfish,,79,4,2,0,0,,0
adana-kebab,Adana Kebab,,87,4,1,0,0,,0
aeggekage,Æggekage,,99,4,0,1,0,,0
affogato,Affogato,,79,4,0,0,0,,0
agedashi-tofu,Agedashi Tofu,,92,4,2,1,0,,0
agnolotti,Agnolotti del Plin,,102,4,0,0,0,,0
agua-de-jamaica,Agua de Jamaica,,81,4,1,0,0,,0
aguachile,Aguachile,,77,4,3,0,0,,0
aioli,Aïoli,,109,4,1,0,0,,0
air-fryer-chicken-wings,Air Fryer Chicken Wings,,115,4,0,0,0,,0
aish-baladi,Aish Baladi,,108,4,0,0,0,,0
aji-de-gallina,Ají de Gallina,,88,4,1,0,0,,0
ajiaco,Ajiaco,,70,4,3,0,0,,0
albondigas,Albóndigas,,85,4,3,0,0,,0
alfajores,Alfajores,,74,4,0,0,0,,0
aligot,Aligot,,92,4,2,0,0,,0
almond-tofu,Almond Tofu,,111,4,0,0,0,,0
aloo-chaat,Aloo Chaat,,72,4,2,0,0,,0
aloo-gobi,Aloo Gobi,,74,4,3,0,0,,0
aloo-keema,Aloo Keema,,86,4,3,0,0,,0
aloo-paratha,Aloo Paratha,,90,4,2,0,0,,0
amaretti,Amaretti Morbidi,,116,4,0,0,0,,0
anchoiade,Anchoïade,,95,4,1,0,0,,0
anelletti-al-forno,Anelletti al Forno,,96,4,0,0,0,,0
angel-food-cake,Angel Food Cake,,123,4,0,0,0,,0
angels-on-horseback,Angels on Horseback,,109,4,0,0,0,,0
anticuchos,Anticuchos,,85,4,2,0,0,,0
anzac-biscuits,Anzac Biscuits,,84,4,0,0,0,,0
aperol-spritz,Aperol Spritz,,103,4,0,0,0,,0
apple-crisp,Apple Crisp,,107,4,0,0,0,,0
apple-crumble,Apple Crumble,,121,4,0,0,0,,0
apple-pie,Deep-Dish Apple Pie,,88,4,0,0,0,,0
apple-strudel,Apple Strudel,,77,4,0,0,0,,0
arancini,Sicilian Arancini,,80,4,1,1,0,,0
arayes,Arayes,,114,4,0,0,0,,0
arepas,Arepas,,88,4,2,0,0,,0
arroz-con-leche,Arroz con Leche,,86,4,1,0,0,,0
arroz-de-marisco,Arroz de Marisco,,87,4,2,0,0,,0
asab,Asab,,109,4,1,0,0,,0
ash-reshteh,Ash Reshteh,,80,4,3,0,0,,0
assidat-zgougou,Assidat Zgougou,,105,4,0,0,0,,0
atakilt-wat,Atakilt Wat,,100,4,2,0,0,,0
atayef-asafiri,Atayef Asafiri,,111,4,1,0,0,,0
aubergine-parmigiana,Griddled Aubergine Parmigiana,,107,4,1,0,0,,0
aussie-meat-pie,Australian Meat Pie,,124,4,1,2,0,,0
avgolemono-soup,Avgolemono Soup,,78,4,1,0,0,,0
avocado-toast,Ultimate Avocado Toast,,78,4,1,0,0,,0
ayam-goreng,Ayam Goreng,,81,4,2,0,0,,0
ayam-masak-merah,Ayam Masak Merah,,83,4,3,0,0,,0
ayran,Ayran,,74,4,1,0,0,,0
baba-au-rhum,Baba au Rhum,,92,4,1,0,0,,0
baba-ganoush,Baba Ganoush,,77,4,1,0,0,,0
baba-ghanoug-masri,Baba Ghanoug Masri,,96,4,1,0,0,,0
baba-napoletano,Babà Napoletano,,115,4,0,0,0,,0
bacalhau-a-bras,Bacalhau à Brás,,81,4,1,0,0,,0
bacon-wrapped-asparagus,Bacon-Wrapped Asparagus,,105,4,0,0,0,,0
bagels,New York Bagels,,89,4,0,0,0,,0
bagna-cauda,Bagna Cauda,,109,4,1,0,0,,0
bagnun,Bagnùn di Acciughe,,119,4,2,0,0,,0
baguette,French Baguette,,84,4,0,0,0,,0
baingan-bharta,Baingan Bharta,,85,4,3,0,0,,0
baked-avocado-eggs,Baked Avocado Eggs,,111,4,0,0,0,,0
baked-chicken-breast,Juicy Baked Chicken Breast,,128,4,1,0,0,,0
baked-cinnamon-apples,Baked Cinnamon Apples,,86,4,0,0,0,,0
baked-eggs-spinach-feta,Baked Eggs with Spinach and Feta,,95,4,1,0,0,,0
baked-potato,Baked Potato,,108,4,0,0,0,,0
baked-ziti,Baked Ziti,,125,4,2,0,0,,0
bakewell-tart,Bakewell Tart,,85,4,0,0,0,,0
baklava,Pistachio Baklava,,79,4,0,0,0,,0
balah-el-sham,Balah el Sham,,104,4,0,0,0,,0
baleadas,Baleadas,,91,4,1,1,0,,0
balila,Balila,,104,4,1,0,0,,0
bambalouni,Bambalouni,,99,4,0,0,0,,0
bamia-bi-lahme,Bamia bi Lahme,,103,4,1,0,0,,0
bamia-masreya,Bamia Masreya,,107,4,1,0,0,,0
banana-bread,One-Bowl Banana Bread,,74,4,0,0,0,,0
banana-oat-pancakes,Banana Oat Pancakes,,102,4,0,0,0,,0
banana-pancakes,Banana Pancakes,,79,4,1,1,0,,0
banana-pudding,Banana Pudding,,120,4,1,0,0,,0
bandeja-paisa,Bandeja Paisa,,75,4,3,0,0,,0
bandrek,Bandrek,,87,4,1,0,0,,0
bangers-and-mash,Bangers and Mash with Onion Gravy,,70,4,0,2,0,,0
banh-cuon,Bánh Cuốn,,86,4,1,1,0,,0
banh-mi,Bánh Mì,,81,4,2,2,0,,0
banh-xeo,Bánh Xèo,,94,4,2,0,0,,0
banoffee-pie,Banoffee Pie,,119,4,1,0,0,,0
bar-en-croute-de-sel,Bar en Croûte de Sel,,109,4,0,0,0,,0
bara-brith,Bara Brith,,78,4,1,0,0,,0
barbacoa,Beef Barbacoa,,75,4,3,0,0,,0
barmbrack,Barmbrack,,81,4,1,0,0,,0
basbousa,Basbousa,,74,4,0,0,0,,0
basque-cheesecake,Burnt Basque Cheesecake,,124,4,1,0,0,,0
batarekh,Batarekh,,107,4,1,0,0,,0
batata-harra,Batata Harra,,119,4,1,0,0,,0
batates-mohammara,Batates Mohammara,,111,4,1,0,0,,0
bbq-baby-back-ribs,BBQ Baby Back Ribs,,86,4,0,1,0,,0
beef-and-broccoli,Beef and Broccoli,,84,4,3,1,0,,0
beef-bourguignon,Beef Bourguignon,,97,4,1,1,0,,0
beef-chow-fun,Beef Chow Fun,,86,4,2,1,0,,0
beef-empanadas,Beef Empanadas,,80,4,2,1,0,,0
beef-noodle-soup,Taiwanese Beef Noodle Soup,,78,4,3,1,0,,0
beef-rendang,Beef Rendang,,87,4,3,0,0,,0
beef-satay,Beef Satay,,91,4,2,0,0,,0
beef-stew,Hearty Beef Stew,,83,4,1,2,0,,0
beef-stew-and-dumplings,Beef Stew and Dumplings,,113,4,1,2,0,,0
beef-stroganoff,Beef Stroganoff,,88,4,2,1,0,,0
beef-tacos,Ground Beef Tacos,,88,4,3,0,0,,0
beef-wellington,Beef Wellington,,90,4,1,0,0,,0
beetroot-feta-salad,"Beetroot, Orange and Feta Salad",,111,4,0,0,0,,0
beggars-chicken,Beggar's Chicken,,115,4,2,2,0,,0
belgian-frites,Belgian Frites,,80,4,1,0,0,,0
belgian-waffles,Belgian Waffles,,68,4,0,1,0,,0
bellini,Bellini,,114,4,0,0,0,,0
berkoukes,Berkoukes,,95,4,0,0,0,,0
besan-ladoo,Besan Ladoo,,91,4,0,0,0,,0
besara,Besara,,115,4,1,0,0,,0
betengan-mekhalel,Betengan Mekhalel,,95,4,3,0,0,,0
bhel-puri,Bhel Puri,,73,4,0,0,0,,0
bhindi-masala,Bhindi Masala,,72,4,3,0,0,,0
biang-biang-noodles,Biang Biang Noodles,,123,4,2,1,0,,0
bibimbap,Bibimbap,,88,4,1,1,0,,0
bibingka,Bibingka,,98,4,1,0,0,,0
bifana,Bifana,,83,4,2,0,0,,0
bigos,Bigos,,68,4,0,0,0,,0
bircher-muesli,Bircher Muesli,,103,4,0,0,0,,0
birria-tacos,Birria Tacos,,98,4,3,0,0,,0
biscotti,Almond Biscotti,,73,4,0,0,0,,0
biscuits-and-gravy,Biscuits and Sausage Gravy,,82,4,1,1,0,,0
biscuits-buttermilk,Buttermilk Biscuits,,75,4,1,0,0,,0
bitterballen,Bitterballen,,76,4,0,2,0,,0
black-bean-soup,Cuban Black Bean Soup,,125,4,3,0,0,,0
black-forest-cake,Black Forest Cake,,81,4,1,0,0,,0
black-forest-gateau,Black Forest Gateau,,87,4,1,0,0,,0
black-pepper-beef,Black Pepper Beef,,124,4,3,1,0,,0
blanquette-de-veau,Blanquette de Veau,,83,4,1,1,0,,0
blini,Blini with Soured Cream,,79,4,0,1,0,,0
blondies,Brown Butter Blondies,,119,4,0,0,0,,0
bloody-mary,Bloody Mary,,85,4,0,0,0,,0
blt-sandwich,The Perfect BLT,,83,4,0,0,0,,0
blueberry-muffins,Bakery-Style Blueberry Muffins,,82,4,0,0,0,,0
bo-kho,Bò Kho,,88,4,3,1,0,,0
bobotie,Bobotie,,76,4,2,0,0,,0
bollito-misto,Bollito Misto,,124,4,1,0,0,,0
bombay-sandwich,Bombay Sandwich,,85,4,0,0,0,,0
borek,Cheese Börek,,95,4,0,0,0,,0
borscht,Ukrainian Borscht,,84,4,2,0,0,,0
bossam,Bossam,,87,4,3,0,0,,0
boston-baked-beans,Boston Baked Beans,,78,4,0,1,0,,0
boston-cream-pie,Boston Cream Pie,,84,4,1,0,0,,0
bouchee-a-la-reine,Bouchée à la Reine,,104,4,3,1,0,,0
boudin-noir-pommes,Boudin Noir aux Pommes,,105,4,0,0,0,,0
bouillabaisse,Marseille Bouillabaisse,,82,4,2,0,0,,0
boxty,Boxty,,81,4,1,1,0,,0
braised-beef-brisket,Braised Beef Brisket,,110,4,3,1,0,,0
braised-red-cabbage,Braised Red Cabbage,,107,4,0,0,0,,0
brandade-de-morue,Brandade de Morue,,98,4,1,0,0,,0
bratwurst,Bratwurst with Sauerkraut,,64,4,0,0,0,,0
bread-pudding,Bread and Butter Pudding,,74,4,1,0,0,,0
bread-sauce,Bread Sauce,,121,4,1,0,0,,0
breakfast-burrito,Loaded Breakfast Burrito,,74,4,2,0,0,,0
breakfast-hash,Breakfast Hash,,80,4,2,0,0,,0
brigadeiro,Brigadeiro,,87,4,0,0,0,,0
brik,Tunisian Brik,,94,4,0,0,0,,0
brioche,Brioche Loaf,,97,4,0,0,0,,0
brisket,Texas Smoked Brisket,,81,4,0,0,0,,0
broccoli-cheddar-soup,Broccoli Cheddar Soup,,132,4,2,1,0,,0
brodetto,Brodetto all'Anconetana,,124,4,2,0,0,,0
bruschetta,Tomato Bruschetta,,93,4,1,0,0,,0
bsissa,Bsissa,,107,4,0,0,0,,0
bubble-and-squeak,Bubble and Squeak,,118,4,0,0,0,,0
bubble-tea,Brown Sugar Bubble Tea,,90,4,0,0,0,,0
bucatini-all-amatriciana,Bucatini all'Amatriciana,,81,4,1,0,0,,0
buche-de-noel,Bûche de Noël,,107,4,1,1,0,,0
budae-jjigae,Budae Jjigae,,88,4,2,1,0,,0
buffalo-chicken-dip,Buffalo Chicken Dip,,72,4,2,0,0,,0
buffalo-wings,Buffalo Wings,,76,4,0,1,0,,0
bulgogi,Beef Bulgogi,,68,4,3,1,0,,0
bun-bo-hue,Bún Bò Huế,,87,4,3,1,0,,0
bun-cha,Bún Chả,,89,4,3,1,0,,0
bun-thit-nuong,Bún Thịt Nướng,,85,4,1,2,0,,0
bundt-cake,Sour Cream Bundt Cake,,149,4,0,0,0,,0
bunny-chow,Bunny Chow,,85,4,3,0,0,,0
busiate-trapanese,Busiate al Pesto Trapanese,,88,4,1,0,0,,0
butter-chicken,Butter Chicken (Murgh Makhani),,80,4,3,0,0,,0
buttermilk-pancakes,Fluffy Buttermilk Pancakes,,69,4,1,1,0,,0
ca-kho-to,Cá Kho Tộ,,88,4,3,1,0,,0
cacciucco,Cacciucco,,123,4,1,0,0,,0
cachapas,Cachapas,,113,4,0,1,0,,0
cacio-e-pepe,Cacio e Pepe,,78,4,0,0,0,,0
caesar-salad,Caesar Salad,,82,4,1,1,0,,0
cafe-de-olla,Café de Olla,,90,4,0,0,0,,0
caipirinha,Caipirinha,,75,4,1,0,0,,0
caldo-verde,Caldo Verde,,75,4,2,0,0,,0
california-roll,California Roll,,89,4,1,1,0,,0
callaloo,Callaloo,,76,4,3,0,0,,0
camarones-a-la-diabla,Camarones a la Diabla,,85,4,3,0,0,,0
canederli,Canederli,,96,4,0,1,0,,0
canele,Canelés de Bordeaux,,84,4,0,0,0,,0
cannoli,Sicilian Cannoli,,73,4,1,0,0,,0
caponata,Sicilian Caponata,,69,4,0,0,0,,0
caprese-salad,Caprese Salad,,87,4,0,0,0,,0
carbonade-flamande,Carbonade Flamande,,114,4,0,1,0,,0
carbonnade-flamande,Carbonnade Flamande,,82,4,0,1,0,,0
carciofi-alla-giudia,Carciofi alla Giudia,,100,4,0,0,0,,0
carciofi-alla-romana,Carciofi alla Romana,,99,4,1,0,0,,0
carne-asada,Carne Asada,,82,4,3,0,0,,0
carottes-rapees,Carottes Râpées,,103,4,0,0,0,,0
carpaccio,Carpaccio di Manzo,,101,4,0,1,0,,0
carrot-cake,Spiced Carrot Cake,,75,4,0,0,0,,0
cassata-siciliana,Cassata Siciliana,,107,4,0,0,0,,0
cassoulet,Cassoulet de Toulouse,,89,4,1,0,0,,0
castella,Castella Cake,,92,4,0,0,0,,0
cauliflower-cheese,Cauliflower Cheese,,108,4,1,1,0,,0
cauliflower-chicken-fried-rice,Chicken Cauliflower Fried Rice,,95,4,3,1,0,,0
cauliflower-mash,Cauliflower Mash,,108,4,1,0,0,,0
cauliflower-steaks,Roasted Cauliflower Steaks,,121,4,1,0,0,,0
causa-limena,Causa Limeña,,79,4,2,0,0,,0
cawl,Welsh Cawl,,82,4,0,0,0,,0
celeri-remoulade,Céleri Rémoulade,,102,4,1,0,0,,0
ceviche,Peruvian Ceviche,,84,4,3,0,0,,0
cha-gio,Chả Giò,,84,4,1,1,0,,0
chaas,Chaas,,78,4,2,0,0,,0
chai-latte,Masala Chai Latte,,106,4,1,0,0,,0
chakalaka,Chakalaka,,94,4,3,0,0,,0
chakhokhbili,Chakhokhbili,,128,4,1,0,0,,0
challah,Challah,,121,4,0,0,0,,0
champ,Champ,,113,4,1,0,0,,0
chana-chaat,Chana Chaat,,116,4,2,0,0,,0
chana-masala,Chana Masala,,84,4,3,0,0,,0
chapati,Chapati (Roti),,78,4,0,0,0,,0
chapli-kebab,Chapli Kebab,,79,4,1,0,0,,0
char-kway-teow,Char Kway Teow,,91,4,2,2,0,,0
char-siu,Char Siu Pork,,86,4,2,1,0,,0
char-siu-bao,Char Siu Bao,,81,4,1,2,0,,0
chawanmushi,Chawanmushi,,91,4,0,1,0,,0
cheese-fondue,Cheese Fondue,,78,4,2,0,0,,0
chelsea-buns,Chelsea Buns,,125,4,0,0,0,,0
cheung-fun,Cheung Fun,,107,4,1,1,0,,0
chia-pudding,Chia Pudding,,89,4,1,0,0,,0
chicken-65,Chicken 65,,92,4,3,0,0,,0
chicken-adobo,Chicken Adobo,,84,4,2,1,0,,0
chicken-alfredo,Chicken Alfredo,,134,4,2,0,0,,0
chicken-and-leek-pie,Chicken and Leek Pie,,108,4,2,1,0,,0
chicken-and-waffles,Chicken and Waffles,,71,4,1,1,0,,0
chicken-biryani,Hyderabadi Chicken Biryani,,79,4,2,0,0,,0
chicken-caesar-lettuce-cups,Chicken Caesar Lettuce Cups,,92,4,1,0,0,,0
chicken-caesar-wrap,Chicken Caesar Wrap,,87,4,1,1,0,,0
chicken-chettinad,Chicken Chettinad,,92,4,3,0,0,,0
chicken-enchiladas,Chicken Enchiladas Rojas,,80,4,3,0,0,,0
chicken-fajitas,Chicken Fajitas,,80,4,2,0,0,,0
chicken-feet-black-bean,Chicken Feet in Black Bean Sauce,,99,4,3,1,0,,0
chicken-fried-steak,Chicken Fried Steak,,80,4,1,1,0,,0
chicken-inasal,Chicken Inasal,,87,4,3,0,0,,0
chicken-karaage,Chicken Karaage,,89,4,2,2,0,,0
chicken-karahi,Chicken Karahi,,97,4,3,0,0,,0
chicken-katsu-curry,Chicken Katsu Curry,,76,4,3,2,0,,0
chicken-kiev,Chicken Kiev,,89,4,1,1,0,,0
chicken-korma,Chicken Korma,,90,4,3,0,0,,0
chicken-lollipop,Chicken Lollipop,,89,4,3,2,0,,0
chicken-marsala,Chicken Marsala,,117,4,2,1,0,,0
chicken-milanese,Chicken Milanese,,85,4,0,1,0,,0
chicken-noodle-soup,Chicken Noodle Soup,,87,4,1,0,0,,0
chicken-paprikash,Chicken Paprikash,,75,4,1,1,0,,0
chicken-parmigiana,Chicken Parmigiana,,75,4,2,1,0,,0
chicken-piccata,Chicken Piccata,,111,4,3,1,0,,0
chicken-pot-pie,Chicken Pot Pie,,88,4,2,1,0,,0
chicken-quesadilla,Chicken Quesadilla,,117,4,2,0,0,,0
chicken-rice-protein-bowl,Chicken and Rice Protein Bowl,,111,4,1,0,0,,0
chicken-salad,Chicken Salad,,76,4,1,0,0,,0
chicken-satay,Chicken Satay,,89,4,3,0,0,,0
chicken-shawarma,Chicken Shawarma,,82,4,1,0,0,,0
chicken-souvlaki,Chicken Souvlaki,,76,4,1,0,0,,0
chicken-tagine-olives,Chicken Tagine with Olives,,76,4,3,0,0,,0
chicken-teriyaki,Chicken Teriyaki,,79,4,2,1,0,,0
chicken-tikka-masala,Chicken Tikka Masala,,88,4,3,0,0,,0
chicken-tortilla-soup,Chicken Tortilla Soup,,125,4,3,0,0,,0
chickpea-socca,Chickpea Socca,,95,4,0,0,0,,0
chilaquiles,Chilaquiles Verdes,,82,4,2,0,0,,0
chile-relleno,Chile Relleno,,93,4,3,0,0,,0
chili-cheese-fries,Chili Cheese Fries,,83,4,3,0,0,,0
chili-con-carne,Chili con Carne,,81,4,2,0,0,,0
chilli-crab,Singapore Chilli Crab,,117,4,3,0,0,,0
chilli-oil,Sichuan Chilli Oil,,105,4,2,0,0,,0
chilli-paneer,Chilli Paneer,,92,4,3,2,0,,0
chimichurri-steak,Chimichurri Steak,,85,4,2,0,0,,0
chocolate-chip-cookies,Brown Butter Chocolate Chip Cookies,,77,4,0,0,0,,0
chocolate-chip-muffins,Chocolate Chip Muffins,,122,4,1,1,0,,0
chocolate-cupcakes,Chocolate Cupcakes,,104,4,1,0,0,,0
chocolate-lava-cake,Molten Chocolate Lava Cake,,84,4,1,0,0,,0
chocolate-milkshake,Chocolate Milkshake,,77,4,0,0,0,,0
chocolate-mousse,Chocolate Mousse,,126,4,1,0,0,,0
chocolate-souffle,Chocolate Soufflé,,87,4,0,0,0,,0
chole-bhature,Chole Bhature,,85,4,3,1,0,,0
chorba-frik,Chorba Frik,,109,4,0,0,0,,0
choucroute,Choucroute Garnie,,104,4,1,0,0,,0
chouquettes,Chouquettes,,97,4,0,0,0,,0
chow-mein,Chicken Chow Mein,,78,4,3,1,0,,0
choy-sum-oyster-sauce,Choy Sum in Oyster Sauce,,113,4,2,1,0,,0
christmas-pudding,Christmas Pudding,,126,4,0,1,0,,0
churros,Cinnamon Churros,,77,4,1,0,0,,0
ciambellone,Ciambellone,,109,4,0,0,0,,0
cinnamon-rolls,Overnight Cinnamon Rolls,,87,4,0,0,0,,0
cioppino,Cioppino,,89,4,3,0,0,,0
clafoutis,Cherry Clafoutis,,100,4,1,0,0,,0
classic-cheeseburger,Classic Smash Cheeseburger,,81,4,0,0,0,,0
classic-margarita,Classic Margarita,,78,4,1,0,0,,0
classic-omelette,Three-Egg Omelette,,94,4,0,0,0,,0
classic-potato-salad,Classic Potato Salad,,87,4,1,0,0,,0
classic-waffles,Crisp Belgian-Style Waffles,,71,4,1,1,0,,0
claypot-rice,Claypot Rice,,119,4,2,1,0,,0
cloud-bread,Cloud Bread,,108,4,0,0,0,,0
club-sandwich,Club Sandwich,,122,4,0,0,0,,0
cobb-salad,Cobb Salad,,86,4,2,1,0,,0
cochinita-pibil,Cochinita Pibil,,89,4,3,0,0,,0
coconut-chutney,Coconut Chutney,,77,4,2,0,0,,0
coconut-dal,Coconut Dal,,126,4,3,0,0,,0
coda-alla-vaccinara,Coda alla Vaccinara,,133,4,2,0,0,,0
coffee-cake,Cinnamon Streusel Coffee Cake,,117,4,0,1,0,,0
colcannon,Colcannon,,70,4,2,0,0,,0
cold-brew-coffee,Cold Brew Coffee,,84,4,0,0,0,,0
coleslaw,Coleslaw,,74,4,0,0,0,,0
colomba,Colomba Pasquale,,119,4,0,0,0,,0
com-tam,Cơm Tấm,,88,4,3,2,0,,0
complet-poisson,Complet Poisson,,105,4,1,0,0,,0
completo,Completo Italiano,,73,4,0,0,0,,0
conchas,Conchas,,87,4,0,0,0,,0
congee,Century Egg Congee,,83,4,3,1,0,,0
coq-au-vin,Coq au Vin,,79,4,2,1,0,,0
coquilles-saint-jacques,Coquilles Saint-Jacques,,83,4,2,1,0,,0
cordon-bleu,Cordon Bleu,,104,4,0,1,0,,0
corn-chowder,Corn Chowder,,87,4,2,0,0,,0
corn-on-the-cob,Corn on the Cob,,115,4,1,0,0,,0
cornbread,Skillet Cornbread,,81,4,1,0,0,,0
corned-beef-and-cabbage,Corned Beef and Cabbage,,134,4,1,0,0,,0
cornish-pasty,Cornish Pasty,,88,4,0,0,0,,0
coronation-chicken,Coronation Chicken,,99,4,1,0,0,,0
cotoletta-alla-milanese,Cotoletta alla Milanese,,130,4,0,0,0,,0
cottage-cheese-pancakes,Cottage Cheese Protein Pancakes,,86,4,0,0,0,,0
cottage-pie,Cottage Pie,,78,4,1,2,0,,0
couscous-tunisien,Couscous Tunisien,,114,4,0,0,0,,0
coxinha,Coxinha,,75,4,2,1,0,,0
cozonac,Cozonac,,90,4,0,0,0,,0
crab-cakes,Maryland Crab Cakes,,75,4,1,1,0,,0
crab-ginger-scallion,Ginger and Scallion Crab,,122,4,3,1,0,,0
cranachan,Cranachan,,71,4,1,0,0,,0
cranberry-sauce,Cranberry Sauce,,111,4,0,0,0,,0
creamed-spinach,Creamed Spinach,,118,4,2,0,0,,0
creamy-coleslaw,Creamy Coleslaw,,68,4,1,0,0,,0
creamy-polenta,Creamy Parmesan Polenta,,85,4,0,0,0,,0
creamy-tomato-soup,Creamy Tomato Soup,,79,4,3,0,0,,0
crema-catalana,Crema Catalana,,75,4,0,0,0,,0
creme-brulee,Crème Brûlée,,81,4,1,0,0,,0
creme-caramel,Crème Caramel,,100,4,1,0,0,,0
crepes-suzette,Crêpes Suzette,,95,4,0,0,0,,0
croissants,Butter Croissants,,93,4,0,0,0,,0
croque-monsieur,Croque Monsieur,,92,4,0,1,0,,0
croquetas,Jamón Croquetas,,88,4,0,1,0,,0
crostata-di-marmellata,Crostata di Marmellata,,108,4,0,0,0,,0
crying-tiger,Crying Tiger Beef,,82,4,2,1,0,,0
cuban-sandwich,Cuban Sandwich,,81,4,3,0,0,,0
cuccidati,Cuccidati,,111,4,0,0,0,,0
cucumber-sandwiches,Cucumber Sandwiches,,103,4,1,0,0,,0
cullen-skink,Cullen Skink,,79,4,1,0,0,,0
culurgiones,Culurgiones,,109,4,1,0,0,,0
cumberland-sauce,Cumberland Sauce,,112,4,0,0,0,,0
cumin-lamb,Xinjiang Cumin Lamb,,96,4,3,1,0,,0
curtido,Curtido,,81,4,1,0,0,,0
custard-tart,Custard Tart,,120,4,1,0,0,,0
dabeli,Dabeli,,89,4,0,0,0,,0
dacquoise,Dacquoise,,92,4,1,0,0,,0
dahi-vada,Dahi Vada,,80,4,2,0,0,,0
dakgalbi,Dakgalbi,,89,4,3,1,0,,0
dal-makhani,Dal Makhani,,86,4,3,0,0,,0
dal-palak,Dal Palak,,80,4,2,0,0,,0
dal-tadka,Dal Tadka,,90,4,2,0,0,,0
dan-dan-noodles,Dan Dan Noodles,,79,4,3,1,0,,0
danish-pastry,Danish Pastries,,71,4,0,0,0,,0
daube-provencale,Daube Provençale,,110,4,1,0,0,,0
deviled-eggs,Deviled Eggs,,80,4,0,0,0,,0
devilled-kidneys,Devilled Kidneys,,117,4,0,2,0,,0
devilled-whitebait,Devilled Whitebait,,117,4,0,1,0,,0
devils-on-horseback,Devils on Horseback,,113,4,0,0,0,,0
dhal-curry,Sri Lankan Dhal Curry,,94,4,3,0,0,,0
dhokla,Dhokla,,83,4,2,0,0,,0
djaj-mhammar,Djaj Mhammar,,114,4,2,0,0,,0
dobos-torte,Dobos Torte,,85,4,0,0,0,,0
doenjang-jjigae,Doenjang Jjigae,,89,4,3,0,0,,0
doigts-de-fatma,Doigts de Fatma,,109,4,0,0,0,,0
dolmades,Dolmades,,72,4,1,0,0,,0
dongpo-rou,Dongpo Rou,,119,4,2,1,0,,0
dorayaki,Dorayaki,,88,4,0,0,0,,0
doro-wat,Doro Wat,,93,4,3,0,0,,0
doubles,Trinidadian Doubles,,68,4,1,1,0,,0
dressed-crab,Dressed Crab,,108,4,0,0,0,,0
dry-fried-green-beans,Dry-Fried Green Beans,,109,4,3,1,0,,0
dublin-coddle,Dublin Coddle,,81,4,0,0,0,,0
dubu-jorim,Dubu Jorim,,87,4,2,1,0,,0
duck-confit,Duck Confit,,88,4,1,0,0,,0
dukkah,Dukkah,,110,4,1,0,0,,0
dulce-de-leche,Dulce de Leche,,79,4,0,0,0,,0
dundee-cake,Dundee Cake,,123,4,0,0,0,,0
duo-jiao-yu-tou,Duo Jiao Yu Tou,,117,4,3,1,0,,0
dutch-baby,Dutch Baby Pancake,,118,4,0,1,0,,0
ebi-fry,Ebi Fry,,90,4,1,1,0,,0
eccles-cakes,Eccles Cakes,,103,4,0,0,0,,0
eclairs,Chocolate Éclairs,,89,4,1,0,0,,0
egg-bhurji,Egg Bhurji,,89,4,1,0,0,,0
egg-bites,Bacon and Cheddar Egg Bites,,107,4,1,0,0,,0
egg-cottage-cheese-muffins,Egg and Cottage Cheese Muffins,,90,4,1,0,0,,0
egg-curry,Egg Curry,,84,4,3,0,0,,0
egg-drop-soup,Egg Drop Soup,,110,4,2,1,0,,0
egg-fried-rice,Egg Fried Rice,,78,4,2,1,0,,0
egg-salad,Egg Salad,,82,4,1,0,0,,0
egg-salad-sandwich,Egg Salad Sandwich,,112,4,0,0,0,,0
egg-tarts,Hong Kong Egg Tarts,,79,4,0,0,0,,0
eggnog,Eggnog,,102,4,1,0,0,,0
eggs-florentine,Eggs Florentine,,111,4,2,0,0,,0
egusi-soup,Egusi Soup,,89,4,0,0,0,,0
eight-treasure-rice,Eight Treasure Rice,,104,4,0,0,0,,0
eish-merahrah,Eish Merahrah,,104,4,0,0,0,,0
elote,Elote — Mexican Street Corn,,84,4,1,0,0,,0
empanadas-colombianas,Colombian Empanadas,,82,4,3,0,0,,0
enchiladas-verdes,Enchiladas Verdes,,87,4,2,0,0,,0
endives-au-jambon,Endives au Jambon,,107,4,0,1,0,,0
english-scones,English Scones,,75,4,1,0,0,,0
entrecote-marchand-de-vin,Entrecôte Marchand de Vin,,107,4,0,0,0,,0
epaule-d-agneau-confite,Épaule d'Agneau de 7 Heures,,97,4,3,0,0,,0
escargots,Escargots à la Bourguignonne,,105,4,2,0,0,,0
espresso-martini,Espresso Martini,,79,4,0,0,0,,0
esquites,Esquites,,83,4,3,0,0,,0
eton-mess,Eton Mess,,82,4,2,0,0,,0
fabada-asturiana,Fabada Asturiana,,80,4,1,0,0,,0
falafel,Crispy Falafel,,80,4,1,0,0,,0
falooda,Falooda,,82,4,0,0,0,,0
far-breton,Far Breton,,90,4,0,0,0,,0
farinata,Farinata,,111,4,0,0,0,,0
farro-salad,Farro and Roasted Vegetable Salad,,118,4,0,0,0,,0
fasolada,Fasolada,,91,4,2,0,0,,0
fasolia-bi-lahme,Fasolia bi Lahme,,102,4,1,0,0,,0
fatayer-sabanekh,Spinach Fatayer,,102,4,0,1,0,,0
fattah,Fattah,,111,4,2,0,0,,0
fattet-hummus,Fattet Hummus,,84,4,1,0,0,,0
fattoush,Fattoush Salad,,69,4,2,0,0,,0
feijoada,Feijoada Brasileira,,91,4,1,0,0,,0
felfel-mahchi,Felfel Mahchi,,105,4,1,0,0,,0
ferakh-mashwi,Ferakh Mashwi,,101,4,1,0,0,,0
fesenjan,Fesenjan,,89,4,1,0,0,,0
feteer-meshaltet,Feteer Meshaltet,,102,4,0,0,0,,0
fettuccine-alfredo,Fettuccine Alfredo,,84,4,0,0,0,,0
filter-coffee,South Indian Filter Coffee,,81,4,0,0,0,,0
financiers,Financiers,,105,4,0,0,0,,0
fiori-di-zucca,Fiori di Zucca Fritti,,94,4,0,1,0,,0
fish-and-chips,Beer-Battered Fish and Chips,,77,4,0,1,0,,0
fish-pie,Fish Pie,,115,4,1,1,0,,0
fish-tacos,Baja Fish Tacos,,78,4,1,1,0,,0
fish-tikka,Fish Tikka,,83,4,2,0,0,,0
flan-napolitano,Flan Napolitano,,76,4,0,0,0,,0
flan-parisien,Flan Parisien,,99,4,1,0,0,,0
flapjacks,Flapjacks,,95,4,0,0,0,,0
fluffy-pancakes,Fluffy Pancakes,,79,4,1,1,0,,0
focaccia,Rosemary Focaccia,,87,4,0,0,0,,0
focaccia-genovese,Focaccia Genovese,,84,4,0,0,0,,0
foie-de-veau,Foie de Veau Lyonnaise,,101,4,0,0,0,,0
fondue-savoyarde,Fondue Savoyarde,,98,4,2,0,0,,0
fougasse,Fougasse,,98,4,1,0,0,,0
fraisier,Fraisier,,101,4,0,0,0,,0
freekeh-djaj,Freekeh with Chicken,,108,4,0,0,0,,0
fregola,Fregola con Arselle,,81,4,2,0,0,,0
french-dip,French Dip,,93,4,1,2,0,,0
french-onion-soup,French Onion Soup,,90,4,2,1,0,,0
french-toast,Brioche French Toast,,74,4,1,0,0,,0
fricasse,Fricassé,,102,4,0,1,0,,0
fried-plantain,Fried Sweet Plantain,,79,4,1,0,0,,0
frikadeller,Frikadeller,,75,4,1,0,0,,0
frittata,Vegetable Frittata,,122,4,2,0,0,,0
fritto-misto,Fritto Misto,,92,4,0,1,0,,0
fruit-tart,French Fruit Tart,,126,4,0,0,0,,0
fudge,Chocolate Fudge,,123,4,0,0,0,,0
fudge-brownies,Fudge Brownies,,96,4,0,0,0,,0
fudgy-brownies,Fudgy Cocoa Brownies,,78,4,0,0,0,,0
ful-medames,Ful Medames,,96,4,1,0,0,,0
full-english-breakfast,Full English Breakfast,,77,4,0,0,0,,0
gado-gado,Gado-Gado,,75,4,3,0,0,,0
gajar-ka-halwa,Gajar ka Halwa,,84,4,0,0,0,,0
galaktoboureko,Galaktoboureko,,87,4,0,0,0,,0
galbi,Galbi (Korean Short Ribs),,79,4,3,1,0,,0
galette-des-rois,Galette des Rois,,111,4,0,1,0,,0
galettes-bretonnes,Galettes Bretonnes,,104,4,0,0,0,,0
gambas-al-ajillo,Gambas al Ajillo,,78,4,2,0,0,,0
gammon-parsley-sauce,Gammon with Parsley Sauce,,121,4,0,1,0,,0
garbure,Garbure,,102,4,1,0,0,,0
garlic-bread,Garlic Bread,,85,4,1,0,0,,0
garlic-butter-shrimp,Garlic Butter Shrimp,,116,4,1,0,0,,0
garlic-butter-steak-bites,Garlic Butter Steak Bites,,109,4,1,0,0,,0
garlic-focaccia,Garlic Confit Focaccia,,129,4,1,0,0,,0
garlic-mushroom-toast,Garlic Mushroom Toast,,121,4,1,1,0,,0
garlic-naan,Garlic Butter Naan,,77,4,1,0,0,,0
garlic-prawn-courgette-noodles,Garlic Prawns with Courgette Noodles,,84,4,1,0,0,,0
gateau-au-yaourt,Gâteau au Yaourt,,94,4,0,0,0,,0
gateau-basque,Gâteau Basque,,83,4,0,0,0,,0
gazpacho,Andalusian Gazpacho,,80,4,1,0,0,,0
gebna-domiati,Gebna Domiati Salad,,105,4,1,0,0,,0
general-tsos-chicken,General Tso's Chicken,,78,4,3,2,0,,0
german-potato-salad,Warm German Potato Salad,,70,4,2,0,0,,0
ghoriba,Ghoriba,,89,4,0,0,0,,0
ghormeh-sabzi,Ghormeh Sabzi,,82,4,2,0,0,,0
giardiniera,Giardiniera,,88,4,3,0,0,,0
gigot-d-agneau,Gigot d'Agneau,,101,4,2,0,0,,0
gingerbread-cookies,Gingerbread Cookies,,79,4,0,1,0,,0
glamorgan-sausages,Glamorgan Sausages,,112,4,0,0,0,,0
glogg,Glögg,,116,4,1,0,0,,0
gnocchi-alla-sorrentina,Gnocchi alla Sorrentina,,83,4,1,1,0,,0
gobi-manchurian,Gobi Manchurian,,84,4,3,2,0,,0
goi-cuon,Gỏi Cuốn (Fresh Spring Rolls),,90,4,3,0,0,,0
goi-ga,Gỏi Gà,,81,4,3,1,0,,0
golabki,Gołąbki,,83,4,1,0,0,,0
gomae,Gomae,,102,4,0,1,0,,0
gorditas,Gorditas,,84,4,0,0,0,,0
gougeres,Gougères,,105,4,0,1,0,,0
goulash-masri,Goulash Masri,,104,4,0,0,0,,0
granita-di-caffe,Granita di Caffè,,99,4,0,0,0,,0
granola,Maple Pecan Granola,,77,4,0,0,0,,0
gratin-dauphinois,Gratin Dauphinois,,87,4,2,0,0,,0
gratin-de-courgettes,Gratin de Courgettes,,95,4,2,0,0,,0
gratin-de-macaronis,Gratin de Macaronis,,96,4,0,1,0,,0
gravlax,Gravlax,,92,4,1,0,0,,0
greek-chicken-traybake,Greek Chicken Traybake,,80,4,3,0,0,,0
greek-lemon-potatoes,Greek Lemon Potatoes,,78,4,1,0,0,,0
greek-salad,Horiatiki Greek Salad,,87,4,0,0,0,,0
greek-yogurt-honey,Greek Yoghurt with Honey and Walnuts,,83,4,0,0,0,,0
green-bean-casserole,Green Bean Casserole,,122,4,2,2,0,,0
green-goddess-salad,Green Goddess Salad,,112,4,2,0,0,,0
grilled-cheese,Grilled Cheese Sandwich,,87,4,0,0,0,,0
grilled-cheese-sandwich,Skillet Grilled Cheese,,82,4,0,0,0,,0
grilled-halloumi-salad,Grilled Halloumi and Herb Salad,,94,4,1,0,0,,0
grilled-kippers,Grilled Kippers,,105,4,0,0,0,,0
guacamole,Authentic Guacamole,,79,4,2,0,0,,0
gulab-jamun,Gulab Jamun,,77,4,0,0,0,,0
gumbo,Chicken and Sausage Gumbo,,103,4,3,1,0,,0
gyeranjjim,Gyeranjjim,,93,4,2,0,0,,0
gyoza,Pork Gyoza,,79,4,3,1,0,,0
gyros,Pork Gyros,,82,4,2,0,0,,0
gyudon,Gyudon,,88,4,2,1,0,,0
hachis-parmentier,Hachis Parmentier,,112,4,0,0,0,,0
haemul-pajeon,Haemul Pajeon,,81,4,2,2,0,,0
haggis-neeps-tatties,"Haggis, Neeps and Tatties",,86,4,1,0,0,,0
hainanese-chicken-rice,Hainanese Chicken Rice,,89,4,3,0,0,,0
hakka-noodles,Hakka Noodles,,83,4,3,1,0,,0
halawet-el-jibn,Halawet el Jibn,,110,4,1,0,0,,0
haleem,Haleem,,90,4,3,0,0,,0
halloumi-wrap,Grilled Halloumi Wrap,,114,4,3,0,0,,0
halo-halo,Halo-Halo,,86,4,0,0,0,,0
hamam-mahshi,Hamam Mahshi,,91,4,0,0,0,,0
har-gow,Har Gow,,121,4,0,0,0,,0
harees,Harees,,82,4,0,0,0,,0
harira,Harira Soup,,71,4,1,1,0,,0
harissa,Harissa,,125,4,2,0,0,,0
hash-browns,Crispy Hash Browns,,80,4,0,0,0,,0
haupia,Haupia,,97,4,1,0,0,,0
hawawshi,Hawawshi,,110,4,2,0,0,,0
hiyayakko,Hiyayakko,,81,4,2,0,0,,0
hlelem,Hlelem,,105,4,1,0,0,,0
hokkien-mee,Hokkien Mee,,98,4,2,1,0,,0
home-style-tofu,Home-Style Tofu,,109,4,2,1,0,,0
honey-garlic-chicken,Honey Garlic Chicken,,121,4,2,1,0,,0
honey-glazed-ham,Honey Glazed Ham,,130,4,0,0,0,,0
honey-roast-parsnips,Honey Roast Parsnips,,112,4,0,0,0,,0
hong-kong-egg-waffle,Hong Kong Egg Waffle,,110,4,0,0,0,,0
hong-kong-milk-tea,Hong Kong Milk Tea,,90,4,0,0,0,,0
hong-shao-rou,Red-Braised Pork Belly,,94,4,3,1,0,,0
hoppers,Egg Hoppers,,78,4,1,0,0,,0
horchata,Horchata,,66,4,0,0,0,,0
hot-and-sour-potato,Hot and Sour Potato Slivers,,104,4,3,1,0,,0
hot-and-sour-soup,Hot and Sour Soup,,80,4,2,1,0,,0
hot-chocolate,French-Style Hot Chocolate,,82,4,1,0,0,,0
hot-cross-buns,Hot Cross Buns,,108,4,0,0,0,,0
hot-dry-noodles,Hot Dry Noodles,,101,4,3,1,0,,0
hot-toddy,Hot Toddy,,101,4,0,0,0,,0
hotteok,Hotteok,,87,4,0,0,0,,0
hout-mechoui,Hout Mechoui,,99,4,1,0,0,,0
huevos-rancheros,Huevos Rancheros,,70,4,3,0,0,,0
hummus,Silky Hummus,,82,4,1,0,0,,0
hummus-beiruti,Hummus Beiruti,,105,4,2,0,0,,0
hungarian-goulash,Hungarian Goulash,,92,4,2,0,0,,0
hyderabadi-biryani,Hyderabadi Biryani,,87,4,3,0,0,,0
idli-sambar,Idli Sambar,,85,4,1,0,0,,0
imam-bayildi,Imam Bayildi,,97,4,1,0,0,,0
injera,Injera,,116,4,0,0,0,,0
insalata-di-mare,Insalata di Mare,,99,4,1,0,0,,0
involtini-di-manzo,Involtini di Manzo,,122,4,1,0,0,,0
irish-coffee,Irish Coffee,,113,4,1,0,0,,0
irish-stew,Irish Stew,,82,4,1,0,0,,0
iskender-kebab,İskender Kebab,,90,4,2,0,0,,0
israeli-couscous-salad,Israeli Couscous Salad,,69,4,1,0,0,,0
italian-chopped-salad,Italian Chopped Salad,,107,4,2,0,0,,0
jachnun,Jachnun,,93,4,0,1,0,,0
jackfruit-tacos,Pulled Jackfruit Tacos,,121,4,3,1,0,,0
jalebi,Jalebi,,85,4,0,0,0,,0
jaljeera,Jaljeera,,81,4,2,0,0,,0
jallab,Jallab,,110,4,0,0,0,,0
jam-roly-poly,Jam Roly-Poly,,109,4,1,0,0,,0
jamaican-curry-goat,Jamaican Curry Goat,,95,4,3,0,0,,0
jamaican-patties,Jamaican Beef Patties,,79,4,2,1,0,,0
jamaican-patty,Jamaican Beef Patty,,72,4,3,1,0,,0
jambalaya,Louisiana Jambalaya,,87,4,3,0,0,,0
jambon-persille,Jambon Persillé,,97,4,2,0,0,,0
japanese-cheesecake,Japanese Cotton Cheesecake,,88,4,0,0,0,,0
japanese-curry-roux,Japanese Curry Roux,,90,4,0,2,0,,0
japanese-milk-bread,Japanese Milk Bread (Shokupan),,87,4,0,0,0,,0
japchae,Japchae,,76,4,2,1,0,,0
jazar-bi-tahini,Carrot and Tahini Salad,,104,4,1,0,0,,0
jellied-eels,Jellied Eels,,117,4,1,0,0,,0
jerk-chicken,Jamaican Jerk Chicken,,81,4,3,1,0,,0
jerk-pork,Jerk Pork,,97,4,3,0,0,,0
jianbing,Jianbing,,110,4,2,1,0,,0
jollof-rice,Jollof Rice,,97,4,2,0,0,,0
joojeh-kabab,Joojeh Kabab,,69,4,0,0,0,,0
joulutorttu,Joulutorttu,,91,4,0,1,0,,0
julekake,Julekake,,93,4,0,1,0,,0
kaak-bil-simsim,Ka'ak bil Simsim,,109,4,0,0,0,,0
kabkabou,Kabkabou,,95,4,1,0,0,,0
kachumbari,Kachumbari,,83,4,2,0,0,,0
kadai-paneer,Kadai Paneer,,79,4,3,0,0,,0
kafteji,Kafteji,,113,4,0,0,0,,0
kaiserschmarrn,Kaiserschmarrn,,81,4,0,0,0,,0
kaju-katli,Kaju Katli,,87,4,0,0,0,,0
kakuni,Buta no Kakuni,,91,4,2,1,0,,0
kale-caesar,Kale Caesar Salad,,123,4,1,1,0,,0
kamounia,Kamounia,,116,4,1,0,0,,0
kanelbullar,Kanelbullar,,82,4,0,0,0,,0
kare-kare,Kare-Kare,,83,4,1,0,0,,0
karelian-pies,Karelian Pies,,79,4,0,0,0,,0
karjalanpaisti,Karelian Hot Pot,,120,4,0,0,0,,0
karkade,Karkade,,108,4,0,0,0,,0
karniyarik,Karnıyarık,,81,4,1,0,0,,0
kartoffelsalat,German Potato Salad,,78,4,1,0,0,,0
katsu-curry,Katsu Curry,,87,4,2,2,0,,0
katsudon,Katsudon,,91,4,1,1,0,,0
kaya-toast,Kaya Toast,,99,4,0,1,0,,0
kebda-eskandarani,Kebda Eskandarani,,104,4,2,0,0,,0
kedgeree,Kedgeree,,110,4,0,0,0,,0
keema-matar,Keema Matar,,86,4,3,0,0,,0
keftedes,Greek Keftedes,,85,4,2,1,0,,0
kelewele,Kelewele,,77,4,1,0,0,,0
kerala-fish-curry,Kerala Fish Curry,,88,4,3,0,0,,0
key-lime-pie,Key Lime Pie,,75,4,2,0,0,,0
khachapuri,Adjaruli Khachapuri,,85,4,0,0,0,,0
khai-jiao,Khai Jiao,,89,4,3,1,0,,0
khanom-krok,Khanom Krok,,83,4,2,0,0,,0
khao-soi,Khao Soi,,94,4,3,1,0,,0
kheer,Rice Kheer,,86,4,0,0,0,,0
khichdi,Khichdi,,95,4,2,0,0,,0
khinkali,Khinkali,,88,4,1,1,0,,0
khobz-tabouna,Khobz Tabouna,,102,4,0,0,0,,0
khubz-arabi,Khubz Arabi,,131,4,0,0,0,,0
kibbeh,Baked Kibbeh,,84,4,0,0,0,,0
kibbeh-bil-sanieh,Kibbeh bil Sanieh,,111,4,0,0,0,,0
kibbeh-labaniyeh,Kibbeh Labaniyeh,,109,4,2,0,0,,0
kibbeh-mekliyeh,Fried Kibbeh,,124,4,0,0,0,,0
kimbap,Kimbap,,92,4,0,1,0,,0
kimchi,Napa Cabbage Kimchi,,76,4,3,1,0,,0
kimchi-fried-rice,Kimchi Fried Rice,,90,4,2,0,0,,0
kimchi-jjigae,Kimchi Jjigae,,72,4,2,0,0,,0
kishk-masri,Kishk Masri,,111,4,1,1,0,,0
kisir,Kısır,,89,4,1,0,0,,0
kjottkaker,Kjøttkaker,,112,4,0,2,0,,0
knafeh,Knafeh,,77,4,0,0,0,,0
knafeh-nabulsi,Knafeh Nabulsi,,71,4,0,0,0,,0
knedliky,Czech Dumplings,,82,4,0,1,0,,0
kofta-masreya,Kofta Masreya,,123,4,1,0,0,,0
kombucha,Kombucha,,113,4,1,0,0,,0
kookoo-sabzi,Kookoo Sabzi,,94,4,0,0,0,,0
korean-corn-cheese,Korean Corn Cheese,,81,4,1,0,0,,0
korean-fried-chicken,Korean Fried Chicken,,72,4,3,2,0,,0
koshari,Egyptian Koshari,,80,4,1,1,0,,0
kottu-roti,Kottu Roti,,86,4,3,1,0,,0
kouign-amann,Kouign-Amann,,104,4,0,0,0,,0
kousa-bil-laban,Kousa bil Laban,,103,4,2,0,0,,0
koussa-mahshi,Koussa Mahshi,,106,4,2,0,0,,0
krumkake,Krumkake,,85,4,1,0,0,,0
kulfi,Kulfi,,86,4,0,0,0,,0
kunafa-bil-manga,Kunafa bil Manga,,104,4,1,0,0,,0
kunefe,Künefe,,76,4,0,0,0,,0
kung-pao-chicken,Kung Pao Chicken,,87,4,3,1,0,,0
kutia,Kutia,,96,4,0,0,0,,0
kvass,Bread Kvass,,93,4,0,0,0,,0
la-zi-ji,La Zi Ji,,112,4,3,1,0,,0
lablabi,Lablabi,,118,4,1,0,0,,0
labneh,Labneh with Za'atar,,93,4,1,0,0,,0
lahmacun,Lahmacun,,76,4,1,0,0,,0
laksa,Curry Laksa,,84,4,3,1,0,,0
lamb-kofta-kebabs,Lamb Kofta Kebabs,,73,4,1,0,0,,0
lamb-mandi,Lamb Mandi,,94,4,2,0,0,,0
lamb-rogan-josh,Lamb Rogan Josh,,87,4,1,0,0,,0
lamb-vindaloo,Goan Lamb Vindaloo,,85,4,3,0,0,,0
lamingtons,Lamingtons,,78,4,2,0,0,,0
lancashire-hotpot,Lancashire Hotpot,,115,4,1,1,0,,0
larb-gai,Larb Gai,,100,4,2,1,0,,0
lasagna-bolognese,Lasagna Bolognese,,90,4,1,1,0,,0
laverbread-and-bacon,Laverbread with Bacon,,97,4,0,0,0,,0
layali-lubnan,Layali Lubnan,,110,4,1,0,0,,0
lecso,Lecsó,,123,4,0,0,0,,0
leek-and-potato-soup,Leek and Potato Soup,,108,4,1,0,0,,0
lemon-bars,Lemon Bars,,119,4,0,0,0,,0
lemon-meringue-pie,Lemon Meringue Pie,,80,4,0,0,0,,0
lemon-pepper-chicken,Lemon Pepper Chicken,,124,4,1,0,0,,0
lemon-posset,Lemon Posset,,109,4,1,0,0,,0
lemonade,Fresh Lemonade,,112,4,0,0,0,,0
lentil-soup,Spiced Red Lentil Soup,,81,4,2,0,0,,0
lentil-walnut-ragu,Lentil and Walnut Ragù,,90,4,2,0,0,,0
liangpi,Liangpi,,114,4,2,1,0,,0
lion-head-meatballs,Lion's Head Meatballs,,85,4,3,1,0,,0
liver-and-bacon,Liver and Bacon with Onion Gravy,,127,4,0,2,0,,0
lo-mai-gai,Lo Mai Gai,,107,4,0,1,0,,0
lo-mein,Chicken Lo Mein,,79,4,3,1,0,,0
loaded-baked-potato,Loaded Baked Potato,,95,4,1,0,0,,0
lobio,Lobio,,72,4,1,0,0,,0
lobster-bisque,Lobster Bisque,,134,4,3,0,0,,0
lobster-roll,Maine Lobster Roll,,83,4,0,0,0,,0
loco-moco,Loco Moco,,85,4,1,2,0,,0
lomo-saltado,Lomo Saltado,,84,4,1,1,0,,0
london-particular,London Particular,,116,4,0,0,0,,0
lotte-a-l-armoricaine,Lotte à l'Armoricaine,,96,4,2,0,0,,0
lotus-root-rib-soup,Lotus Root and Pork Rib Soup,,107,4,2,0,0,,0
lotus-root-stir-fry,Stir-Fried Lotus Root,,98,4,3,1,0,,0
loubieh-bzeit,Loubieh bi Zeit,,115,4,1,0,0,,0
loukoumades,Loukoumades,,88,4,0,0,0,,0
lu-rou-fan,Lu Rou Fan,,73,4,1,1,0,,0
maamoul,Maamoul,,74,4,0,0,0,,0
mac-and-cheese,Baked Mac and Cheese,,73,4,1,1,0,,0
macarona-bechamel,Macarona Bechamel,,122,4,0,1,0,,0
macarons,French Macarons,,86,4,1,0,0,,0
madeleines,Madeleines,,92,4,0,0,0,,0
madfouna,Madfouna,,113,4,1,0,0,,0
maghmour,Maghmour,,106,4,1,0,0,,0
magic-cookie-bars,Magic Cookie Bars,,127,4,0,0,0,,0
magret-de-canard,Magret de Canard,,114,4,1,0,0,,0
mahshi-cromb,Mahshi Cromb,,107,4,1,0,0,,0
makdous,Makdous,,113,4,1,0,0,,0
makowiec,Makowiec,,77,4,0,0,0,,0
makroudh,Makroudh,,110,4,0,0,0,,0
malabi,Malabi,,73,4,1,0,0,,0
malai-kofta,Malai Kofta,,84,4,3,0,0,,0
malawach,Malawach,,86,4,1,1,0,,0
malfouf-mahshi,Malfouf Mahshi,,113,4,2,0,0,,0
malloreddus,Malloreddus alla Campidanese,,94,4,1,0,0,,0
malpua,Malpua,,87,4,0,0,0,,0
malva-pudding,Malva Pudding,,82,4,1,0,0,,0
manakish-zaatar,Manakish Za'atar,,84,4,0,0,0,,0
mandazi,Mandazi,,83,4,1,0,0,,0
mango-lassi,Mango Lassi,,74,4,0,0,0,,0
mango-pomelo-sago,Mango Pomelo Sago,,96,4,2,0,0,,0
mango-sticky-rice,Mango Sticky Rice,,76,4,1,0,0,,0
mansaf,Mansaf,,88,4,0,0,0,,0
manti,Manti,,88,4,2,1,0,,0
mantou,Mantou,,111,4,0,0,0,,0
mapo-eggplant,Mapo Eggplant,,85,4,3,1,0,,0
mapo-tofu,Mapo Tofu,,75,4,3,1,0,,0
maqluba,Maqluba,,96,4,0,0,0,,0
marble-cake,Marble Cake,,117,4,0,0,0,,0
margherita-pizza,Margherita Pizza,,93,4,0,0,0,,0
maritozzo,Maritozzo,,107,4,1,0,0,,0
marqa-hlouwa,Marqa Hlouwa,,97,4,0,0,0,,0
martabak,Martabak Manis,,75,4,0,0,0,,0
masala-chai,Masala Chai,,77,4,1,0,0,,0
masala-dosa,Masala Dosa,,68,4,2,0,0,,0
masala-pav,Masala Pav,,87,4,3,0,0,,0
masfouf,Masfouf,,103,4,1,0,0,,0
massaman-curry,Massaman Beef Curry,,71,4,1,1,0,,0
matar-paneer,Matar Paneer,,97,4,3,0,0,,0
matcha-latte,Iced Matcha Latte,,77,4,0,0,0,,0
meatball-sub,Meatball Sub,,122,4,2,0,0,,0
meatloaf,Classic Meatloaf,,88,4,2,1,0,,0
mechouia-salad,Salade Méchouia,,81,4,2,0,0,,0
medovik,Medovik,,86,4,0,0,0,,0
medu-vada,Medu Vada,,83,4,2,0,0,,0
meghli,Meghli,,104,4,0,0,0,,0
mei-cai-kou-rou,Mei Cai Kou Rou,,117,4,3,1,0,,0
melanzane-alla-parmigiana,Melanzane alla Parmigiana,,84,4,1,0,0,,0
menemen,Menemen,,77,4,1,0,0,,0
menudo,Menudo,,81,4,3,0,0,,0
mermez,Mermez,,94,4,0,0,0,,0
mexican-rice,Mexican Red Rice,,83,4,2,0,0,,0
mhalbiya,Mhalbiya,,98,4,0,0,0,,0
michelada,Michelada,,79,4,2,1,0,,0
mici,Mici,,76,4,3,0,0,,0
migas,Migas Extremeñas,,120,4,1,0,0,,0
milanesa,Milanesa Napolitana,,75,4,2,1,0,,0
milk-tart,Milk Tart,,97,4,0,0,0,,0
mille-feuille,Mille-Feuille,,90,4,0,0,0,,0
millionaire-shortbread,Millionaire's Shortbread,,118,4,0,0,0,,0
mince-pies,Mince Pies,,120,4,0,1,0,,0
minestrone,Minestrone,,87,4,1,0,0,,0
minestrone-soup,Minestrone Soup,,78,4,1,0,0,,0
misal-pav,Misal Pav,,100,4,3,0,0,,0
misir-wat,Misir Wat,,97,4,2,0,0,,0
miso-ramen,Miso Ramen,,83,4,3,1,0,,0
miso-soup,Miso Soup,,75,4,1,0,0,,0
mission-burrito,Mission-Style Burrito,,83,4,3,0,0,,0
mlawi,Mlawi,,106,4,0,0,0,,0
mochi,Strawberry Daifuku Mochi,,88,4,0,0,0,,0
moin-moin,Moin Moin,,75,4,0,0,0,,0
mojito,Classic Mojito,,75,4,1,0,0,,0
mole-poblano,Mole Poblano,,88,4,3,0,0,,0
molokhia,Molokhia,,86,4,1,0,0,,0
mombar,Mombar,,107,4,0,0,0,,0
monkey-bread,Monkey Bread,,77,4,1,0,0,,0
mont-blanc,Mont-Blanc,,96,4,2,0,0,,0
moo-ping,Moo Ping,,87,4,2,2,0,,0
moqueca,Moqueca Baiana,,88,4,3,0,0,,0
moroccan-carrot-salad,Moroccan Carrot Salad,,114,4,1,0,0,,0
moroccan-chicken-tagine,Moroccan Chicken Tagine,,76,4,3,0,0,,0
moroccan-mint-tea,Moroccan Mint Tea,,74,4,0,0,0,,0
mouhalabieh,Mouhalabieh,,105,4,0,0,0,,0
moules-frites,Moules Frites,,105,4,3,0,0,,0
moules-mariniere,Moules Marinière,,88,4,3,0,0,,0
moules-marinieres,Moules Marinières,,90,4,3,0,0,,0
moussaka,Moussaka,,78,4,2,1,0,,0
moutabal,Moutabal,,78,4,1,0,0,,0
mozzarella-sticks,Mozzarella Sticks,,82,4,1,1,0,,0
msemen,Msemen,,80,4,0,0,0,,0
muhammara,Muhammara,,116,4,1,0,0,,0
mujadara,Mujadara,,94,4,0,0,0,,0
mulled-cider,Mulled Cider,,98,4,1,0,0,,0
mulled-wine,Mulled Wine,,84,4,1,0,0,,0
mulligatawny,Mulligatawny Soup,,111,4,3,0,0,,0
musakhan,Musakhan,,84,4,0,0,0,,0
mushroom-stroganoff,Mushroom Stroganoff,,110,4,2,2,0,,0
mushy-peas,Mushy Peas,,107,4,0,0,0,,0
mutton-curry,Mutton Curry,,91,4,2,0,0,,0
mysore-pak,Mysore Pak,,97,4,0,0,0,,0
naan,Garlic Naan,,80,4,1,0,0,,0
nachos,Loaded Nachos,,81,4,2,0,0,,0
naengmyeon,Mul Naengmyeon,,95,4,3,1,0,,0
nai-wong-bao,Nai Wong Bao,,121,4,0,0,0,,0
nasi-goreng,Nasi Goreng,,81,4,3,1,0,,0
nasi-lemak,Nasi Lemak,,80,4,3,0,0,,0
nasu-dengaku,Nasu Dengaku,,109,4,1,0,0,,0
navarin-printanier,Navarin d'Agneau,,97,4,2,1,0,,0
negroni,Negroni,,81,4,0,0,0,,0
new-england-clam-chowder,New England Clam Chowder,,86,4,2,1,0,,0
new-york-cheesecake,New York Cheesecake,,86,4,1,0,0,,0
nihari,Nihari,,86,4,3,0,0,,0
nikujaga,Nikujaga,,89,4,0,1,0,,0
nimbu-pani,Nimbu Pani,,98,4,1,0,0,,0
norwegian-fish-soup,Norwegian Fish Soup,,80,4,2,0,0,,0
nyama-choma,Nyama Choma,,81,4,2,0,0,,0
oatmeal-raisin-cookies,Oatmeal Raisin Cookies,,136,4,0,0,0,,0
obatzda,Obatzda,,74,4,1,0,0,,0
oeufs-en-meurette,Œufs en Meurette,,104,4,1,1,0,,0
oeufs-mayonnaise,Œufs Mayonnaise,,107,4,1,0,0,,0
oi-muchim,Oi Muchim,,82,4,2,1,0,,0
ojingeo-bokkeum,Ojingeo Bokkeum,,80,4,3,1,0,,0
ojja,Ojja,,112,4,1,0,0,,0
okonomiyaki,Osaka Okonomiyaki,,85,4,2,1,0,,0
old-fashioned,Old Fashioned,,116,4,0,0,0,,0
olivier-salad,Olivier Salad,,79,4,0,0,0,,0
om-ali,Om Ali,,103,4,1,0,0,,0
omelette-aux-fines-herbes,Omelette aux Fines Herbes,,103,4,0,0,0,,0
omurice,Omurice,,82,4,0,1,0,,0
onigiri,Onigiri,,86,4,0,1,0,,0
onion-rings,Beer-Battered Onion Rings,,88,4,0,1,0,,0
opera,Opéra,,98,4,1,0,0,,0
orange-chicken,Orange Chicken,,91,4,3,2,0,,0
orecchiette-cime-di-rapa,Orecchiette con Cime di Rapa,,76,4,1,0,0,,0
osbane,Osbane,,102,4,0,0,0,,0
osso-buco,Osso Buco alla Milanese,,94,4,3,1,0,,0
overnight-oats,Overnight Oats,,80,4,0,0,0,,0
oxtail-soup,Oxtail Soup,,116,4,0,1,0,,0
oyakodon,Oyakodon,,99,4,1,1,0,,0
pabellon-criollo,Pabellón Criollo,,102,4,1,1,0,,0
pad-kra-pao,Pad Kra Pao (Thai Basil Chicken),,80,4,3,2,0,,0
pad-prik-king,Pad Prik King,,85,4,3,1,0,,0
pad-see-ew,Pad See Ew,,79,4,1,2,0,,0
pad-thai,Pad Thai,,82,4,3,1,0,,0
pad-woon-sen,Pad Woon Sen,,81,4,2,2,0,,0
paella-valenciana,Paella Valenciana,,96,4,2,0,0,,0
pain-au-chocolat,Pain au Chocolat,,101,4,0,0,0,,0
pain-aux-noix,Pain aux Noix,,94,4,0,0,0,,0
pain-de-campagne,Pain de Campagne,,112,4,0,0,0,,0
palak-paneer,Palak Paneer,,77,4,3,0,0,,0
paletas,Paletas,,86,4,1,0,0,,0
palmiers,Palmiers,,96,4,0,0,0,,0
pan-bagnat,Pan Bagnat,,93,4,1,0,0,,0
pan-con-pollo,Pan con Pollo,,111,4,3,1,0,,0
pan-con-tomate,Pan con Tomate,,79,4,1,0,0,,0
pan-de-jamon,Pan de Jamón,,105,4,0,1,0,,0
pan-haggerty,Pan Haggerty,,105,4,0,0,0,,0
panang-curry,Panang Curry,,86,4,3,1,0,,0
pancit-canton,Pancit Canton,,70,4,3,2,0,,0
pandoro,Pandoro,,118,4,0,0,0,,0
paneer-bhurji,Paneer Bhurji,,80,4,2,0,0,,0
paneer-butter-masala,Paneer Butter Masala,,103,4,3,0,0,,0
paneer-tikka,Paneer Tikka,,80,4,2,0,0,,0
paneer-tikka-masala,Paneer Tikka Masala,,82,4,3,0,0,,0
panelle,Panelle,,100,4,0,0,0,,0
panettone,Panettone,,90,4,0,0,0,,0
panforte,Panforte di Siena,,110,4,0,1,0,,0
pani-puri,Pani Puri,,88,4,2,1,0,,0
panna-cotta,Vanilla Panna Cotta,,99,4,1,0,0,,0
panzanella,Tuscan Panzanella,,79,4,1,0,0,,0
pao-de-queijo,Pão de Queijo,,82,4,0,0,0,,0
papa-a-la-huancaina,Papa a la Huancaína,,80,4,1,0,0,,0
paris-brest,Paris-Brest,,100,4,0,0,0,,0
parkin,Yorkshire Parkin,,111,4,1,0,0,,0
parmigiana-bianca,Parmigiana Bianca,,117,4,0,0,0,,0
pasta-alla-gricia,Pasta alla Gricia,,78,4,0,0,0,,0
pasta-alla-norma,Pasta alla Norma,,74,4,1,0,0,,0
pasta-con-le-sarde,Pasta con le Sarde,,92,4,0,0,0,,0
pasta-e-ceci,Pasta e Ceci,,102,4,1,0,0,,0
pasta-e-fagioli,Pasta e Fagioli,,79,4,1,0,0,,0
pasta-puttanesca,Pasta Puttanesca,,79,4,1,0,0,,0
pastel-de-choclo,Pastel de Choclo,,88,4,1,1,0,,0
pastel-de-nata,Pastéis de Nata,,87,4,0,0,0,,0
pastiera,Pastiera Napoletana,,113,4,0,0,0,,0
pastitsio,Pastitsio,,86,4,2,1,0,,0
patatas-bravas,Patatas Bravas,,84,4,2,1,0,,0
patty-melt,Patty Melt,,87,4,0,0,0,,0
pav-bhaji,Pav Bhaji,,84,4,2,0,0,,0
pavlova,Pavlova,,76,4,2,0,0,,0
peach-cobbler,Peach Cobbler,,125,4,0,0,0,,0
peanut-butter-cookies,Peanut Butter Cookies,,87,4,0,0,0,,0
pease-pudding,Pease Pudding,,121,4,0,0,0,,0
pecan-pie,Pecan Pie,,83,4,0,0,0,,0
peking-duck,Peking Duck,,87,4,2,1,0,,0
pelmeni,Pelmeni,,78,4,0,1,0,,0
penne-all-arrabbiata,Penne all'Arrabbiata,,89,4,1,0,0,,0
penne-alla-vodka,Penne alla Vodka,,128,4,2,0,0,,0
peperonata,Peperonata,,122,4,1,0,0,,0
pepper-soup,Nigerian Pepper Soup,,79,4,3,0,0,,0
pesto-genovese,Pesto alla Genovese,,77,4,1,0,0,,0
pesto-pasta,Pesto Pasta,,90,4,1,0,0,,0
philly-cheesesteak,Philly Cheesesteak,,76,4,0,0,0,,0
philly-soft-pretzel,Philadelphia Soft Pretzels,,82,4,0,0,0,,0
piccalilli,Piccalilli,,112,4,0,1,0,,0
pici-cacio-e-pepe,Pici all'Aglione,,107,4,1,0,0,,0
pickled-onions,Pickled Onions,,114,4,0,0,0,,0
pico-de-gallo,Pico de Gallo,,76,4,1,0,0,,0
pidan-tofu,Century Egg with Cold Tofu,,104,4,3,1,0,,0
pierogi,Potato and Cheese Pierogi,,78,4,0,1,0,,0
pierogi-ruskie,Pierogi Ruskie,,80,4,0,1,0,,0
pigs-in-blankets,Pigs in Blankets,,114,4,0,0,0,,0
pina-colada,Piña Colada,,85,4,1,0,0,,0
pineapple-bun,Pineapple Bun,,85,4,0,0,0,,0
pineapple-cake,Pineapple Cake,,72,4,0,0,0,,0
piperade,Pipérade,,103,4,1,0,0,,0
piri-piri-chicken,Piri Piri Chicken,,80,4,3,0,0,,0
pisco-sour,Pisco Sour,,77,4,1,0,0,,0
pissaladiere,Pissaladière,,89,4,1,0,0,,0
pithiviers,Pithiviers,,95,4,0,0,0,,0
pizzelle,Pizzelle,,109,4,0,0,0,,0
pizzoccheri,Pizzoccheri della Valtellina,,91,4,1,0,0,,0
pkhali,Pkhali,,80,4,1,0,0,,0
placki-ziemniaczane,Placki Ziemniaczane,,85,4,0,1,0,,0
ploughmans-lunch,Ploughman's Lunch,,76,4,0,0,0,,0
po-boy,Shrimp Po Boy,,78,4,2,1,0,,0
poffertjes,Poffertjes,,74,4,0,0,0,,0
poha,Poha,,78,4,1,0,0,,0
poireaux-vinaigrette,Poireaux Vinaigrette,,99,4,0,0,0,,0
poke-bowl,Ahi Poke Bowl,,79,4,2,1,0,,0
pol-sambol,Pol Sambol,,88,4,1,0,0,,0
pollo-al-ajillo,Pollo al Ajillo,,82,4,2,0,0,,0
polpette-al-sugo,Polpette al Sugo,,124,4,1,0,0,,0
popcorn-chicken-taiwanese,Taiwanese Popcorn Chicken,,76,4,2,1,0,,0
porchetta,Porchetta,,126,4,1,0,0,,0
pork-dumplings,Steamed Pork Dumplings,,83,4,3,2,0,,0
pork-schnitzel,Pork Schnitzel,,84,4,0,1,0,,0
porotos-granados,Porotos Granados,,94,4,2,0,0,,0
pot-au-feu,Pot-au-Feu,,97,4,0,0,0,,0
pot-roast,Pot Roast,,92,4,1,0,0,,0
potage-parmentier,Potage Parmentier,,97,4,1,0,0,,0
potato-gnocchi,Potato Gnocchi with Sage Butter,,81,4,0,1,0,,0
potato-salad,Potato Salad,,77,4,1,0,0,,0
pots-de-creme,Pots de Crème,,76,4,1,0,0,,0
potted-cheese,Potted Cheese,,105,4,0,0,0,,0
potted-shrimps,Potted Shrimps,,118,4,0,0,0,,0
poule-au-pot,Poule au Pot,,102,4,1,0,0,,0
poulet-basquaise,Poulet Basquaise,,96,4,2,0,0,,0
pound-cake,Pound Cake,,123,4,0,0,0,,0
pozole-rojo,Pozole Rojo,,80,4,3,0,0,,0
prawn-masala,Prawn Masala,,81,4,3,0,0,,0
prawn-tacos,Chilli Prawn Tacos,,104,4,1,0,0,,0
pretzel-brezel,Bavarian Brezel,,87,4,0,0,0,,0
prime-rib,Prime Rib Roast,,136,4,1,0,0,,0
prinsesstarta,Prinsesstårta,,81,4,1,0,0,,0
profiteroles,Profiteroles,,87,4,1,0,0,,0
provoleta,Provoleta,,77,4,1,0,0,,0
puff-puff,Puff Puff,,95,4,0,0,0,,0
pulled-pork,Carolina Pulled Pork,,88,4,0,0,0,,0
pulled-pork-sandwich,Pulled Pork Sandwiches,,84,4,0,0,0,,0
pulpo-a-la-gallega,Pulpo a la Gallega,,89,4,0,0,0,,0
pumpkin-bread,Pumpkin Bread,,125,4,0,0,0,,0
pumpkin-pie,Classic Pumpkin Pie,,75,4,1,1,0,,0
pupusas,Pupusas,,80,4,2,0,0,,0
puttanesca,Spaghetti alla Puttanesca,,90,4,1,0,0,,0
qatayef,Qatayef Mahshi,,108,4,0,0,0,,0
queen-of-puddings,Queen of Puddings,,104,4,0,0,0,,0
quenelles-de-brochet,Quenelles de Brochet,,101,4,1,1,0,,0
quesadillas,Cheese Quesadillas,,78,4,2,0,0,,0
queso-fundido,Queso Fundido,,80,4,3,0,0,,0
quiche-lorraine,Quiche Lorraine,,94,4,1,1,0,,0
quick-chickpea-curry,Quick Chickpea Curry,,129,4,3,0,0,,0
quick-pickles,Quick Refrigerator Pickles,,118,4,1,0,0,,0
quinoa-salad,Lemon Herb Quinoa Salad,,79,4,1,0,0,,0
rabbit-pie,Rabbit Pie,,113,4,2,1,0,,0
raclette,Raclette,,81,4,1,0,0,,0
raggmunk,Raggmunk,,76,4,0,1,0,,0
ragu-napoletano,Ragù Napoletano,,92,4,0,0,0,,0
rajma,Rajma Masala,,97,4,3,0,0,,0
rakakat-jibneh,Cheese Rakakat,,107,4,0,1,0,,0
ranch-dressing,Buttermilk Ranch Dressing,,122,4,3,0,0,,0
ras-malai,Ras Malai,,85,4,0,0,0,,0
rasam,Rasam,,85,4,2,0,0,,0
rasgulla,Rasgulla,,91,4,0,0,0,,0
ratatouille,Provençal Ratatouille,,83,4,1,0,0,,0
red-bean-soup,Red Bean Soup,,109,4,1,0,0,,0
red-velvet-cake,Red Velvet Cake,,76,4,1,0,0,,0
refried-beans,Refried Beans,,85,4,1,0,0,,0
religieuse,Religieuse,,96,4,0,0,0,,0
renga,Renga,,102,4,1,0,0,,0
reuben-sandwich,Reuben Sandwich,,82,4,0,1,0,,0
rhubarb-fool,Rhubarb Fool,,109,4,2,0,0,,0
ribollita,Ribollita,,78,4,1,0,0,,0
rice-and-peas,Rice and Peas,,79,4,3,0,0,,0
rice-krispie-treats,Marshmallow Crispy Treats,,110,4,0,0,0,,0
rice-pudding,Baked Rice Pudding,,111,4,1,0,0,,0
rillettes,Rillettes de Porc,,116,4,2,0,0,,0
risi-e-bisi,Risi e Bisi,,94,4,0,0,0,,0
risotto-ai-funghi,Risotto ai Funghi Porcini,,102,4,1,0,0,,0
risotto-al-nero,Risotto al Nero di Seppia,,96,4,2,0,0,,0
risotto-alla-milanese,Risotto alla Milanese,,84,4,1,0,0,,0
riz-a-djaj,Riz a Djaj,,119,4,0,0,0,,0
riz-au-lait,Riz au Lait,,99,4,1,0,0,,0
roast-beef-yorkshire,Roast Beef and Yorkshire Puddings,,91,4,0,2,0,,0
roast-goose,Roast Goose,,129,4,2,0,0,,0
roast-lamb-mint-sauce,Roast Lamb with Mint Sauce,,120,4,3,0,0,,0
roast-pork-crackling,Roast Pork with Crackling,,125,4,1,0,0,,0
roast-potatoes,Crispy Roast Potatoes,,117,4,1,0,0,,0
roast-turkey,Herb-Butter Roast Turkey,,77,4,2,0,0,,0
rogan-josh,Kashmiri Rogan Josh,,78,4,1,0,0,,0
rognons-a-la-moutarde,Rognons à la Moutarde,,98,4,1,0,0,,0
ropa-vieja,Ropa Vieja,,81,4,3,0,0,,0
rosti,Rösti,,76,4,0,0,0,,0
roti-canai,Roti Canai,,73,4,0,1,0,,0
rou-jia-mo,Rou Jia Mo,,111,4,3,2,0,,0
rouladen,Rouladen,,78,4,0,0,0,,0
rouz-jerbi,Rouz Jerbi,,98,4,0,0,0,,0
roz-bel-laban,Roz bel Laban,,108,4,0,0,0,,0
roz-mermah,Roz Mermah,,107,4,1,0,0,,0
rumbledethumps,Rumbledethumps,,96,4,1,0,0,,0
sabich,Sabich,,77,4,0,0,0,,0
sachertorte,Sachertorte,,84,4,0,0,0,,0
saganaki,Saganaki,,76,4,0,1,0,,0
saint-honore,Saint-Honoré,,105,4,0,0,0,,0
sakshuka-turkish,Şakşuka,,83,4,1,0,0,,0
salade-de-chevre-chaud,Salade de Chèvre Chaud,,68,4,0,0,0,,0
salade-de-lentilles,Salade de Lentilles,,100,4,0,0,0,,0
salade-frisee,Frisée aux Lardons,,100,4,1,0,0,,0
salade-lyonnaise,Salade Lyonnaise,,80,4,1,0,0,,0
salade-nicoise,Salade Niçoise,,85,4,1,0,0,,0
salade-omek-houria,Omek Houria,,103,4,1,0,0,,0
salata-baladi,Salata Baladi,,107,4,1,0,0,,0
salata-blankit,Salata Blankit,,100,4,0,0,0,,0
salatet-raheb,Salatet Raheb,,110,4,1,0,0,,0
salep,Salep,,91,4,0,0,0,,0
salisbury-steak,Salisbury Steak,,110,4,0,2,0,,0
salmon-quinoa-bowl,Baked Salmon and Quinoa Bowl,,99,4,1,0,0,,0
salmon-soup-lohikeitto,Lohikeitto,,77,4,1,0,0,,0
salmorejo,Salmorejo,,80,4,1,0,0,,0
salsa-verde-mexican,Salsa Verde,,81,4,3,0,0,,0
salt-and-pepper-squid,Salt and Pepper Squid,,89,4,3,1,0,,0
salt-baked-chicken,Salt Baked Chicken,,124,4,2,0,0,,0
saltimbocca-alla-romana,Saltimbocca alla Romana,,70,4,1,1,0,,0
sambal-goreng,Sambal Goreng Tempeh,,73,4,3,0,0,,0
sambousek,Sambousek,,119,4,0,1,0,,0
samgyetang,Samgyetang,,88,4,2,0,0,,0
samke-harra,Samke Harra,,111,4,2,0,0,,0
samosa-chaat,Samosa Chaat,,76,4,2,0,0,,0
samosas,Punjabi Samosas,,97,4,2,1,0,,0
samsa-tunisienne,Samsa,,101,4,0,0,0,,0
sangria,Red Wine Sangria,,85,4,0,0,0,,0
sarde-a-beccafico,Sarde a Beccafico,,132,4,0,0,0,,0
sarde-in-saor,Sarde in Saor,,105,4,1,1,0,,0
sardines-on-toast,Sardines on Toast,,112,4,1,0,0,,0
sarmale,Sarmale,,73,4,0,0,0,,0
saucisson-brioche,Saucisson en Brioche,,99,4,0,0,0,,0
sausage-rolls,Sausage Rolls,,121,4,0,0,0,,0
savoury-cottage-cheese-bowl,Savoury Cottage Cheese Bowl,,83,4,1,0,0,,0
sayadeya-masreya,Sayadeya Masreya,,104,4,0,1,0,,0
sayadieh,Sayadieh,,117,4,0,0,0,,0
sbrisolona,Torta Sbrisolona,,115,4,0,0,0,,0
scallion-oil-noodles,Scallion Oil Noodles,,130,4,1,1,0,,0
scallion-pancakes,Scallion Pancakes,,83,4,2,2,0,,0
scaloppine-al-limone,Scaloppine al Limone,,117,4,2,1,0,,0
schezwan-fried-rice,Schezwan Fried Rice,,88,4,3,1,0,,0
schnitzel,German Pork Schnitzel,,82,4,0,1,0,,0
scotch-broth,Scotch Broth,,120,4,0,0,0,,0
scotch-eggs,Scotch Eggs,,80,4,1,1,0,,0
scotch-woodcock,Scotch Woodcock,,116,4,1,0,0,,0
seared-tuna-nicoise,Seared Tuna Niçoise,,96,4,1,0,0,,0
seekh-kebab,Seekh Kebab,,77,4,3,0,0,,0
sernik,Sernik,,86,4,0,0,0,,0
sesame-balls,Sesame Balls,,111,4,0,0,0,,0
sesame-chicken,Sesame Chicken,,92,4,3,2,0,,0
sfiha,Sfiha,,80,4,0,0,0,,0
sfiha-baalbakieh,Sfiha Baalbakieh,,113,4,0,1,0,,0
sfogliatella,Sfogliatella Riccia,,118,4,0,0,0,,0
sfouf,Sfouf,,112,4,0,0,0,,0
shahi-paneer,Shahi Paneer,,81,4,3,0,0,,0
shakshuka,Shakshuka,,83,4,1,0,0,,0
shakshuka-tunisian,Merguez Shakshuka,,85,4,1,0,0,,0
shakshuka-verde,Green Shakshuka,,127,4,2,0,0,,0
shanklish-salad,Shanklish Salad,,113,4,1,0,0,,0
shao-bing,Shao Bing,,95,4,0,0,0,,0
sheikh-el-mahshi,Sheikh el Mahshi,,108,4,0,0,0,,0
sheng-jian-bao,Sheng Jian Bao,,113,4,3,2,0,,0
shepherds-pie,Shepherd's Pie,,87,4,1,2,0,,0
shiro-wat,Shiro Wat,,81,4,2,0,0,,0
shish-barak,Shish Barak,,113,4,2,1,0,,0
shish-taouk,Shish Taouk,,74,4,2,0,0,,0
shogayaki,Pork Shogayaki,,83,4,2,2,0,,0
shorbat-adas,Shorbat Adas,,84,4,0,0,0,,0
shorbet-ads,Shorbet Ads,,103,4,1,0,0,,0
shortbread,Scottish Shortbread,,75,4,0,0,0,,0
shrikhand,Shrikhand,,83,4,0,0,0,,0
shrimp-and-grits,Shrimp and Grits,,81,4,2,0,0,,0
shrimp-scampi,Shrimp Scampi,,110,4,2,0,0,,0
shui-zhu-fish,Shui Zhu Fish,,91,4,3,1,0,,0
simnel-cake,Simnel Cake,,113,4,0,1,0,,0
singapore-noodles,Singapore Noodles,,78,4,3,1,0,,0
sinigang,Sinigang na Baboy,,81,4,1,1,0,,0
sisig,Sisig,,87,4,3,1,0,,0
siu-mai,Siu Mai,,112,4,1,1,0,,0
siu-yuk,Siu Yuk,,119,4,0,0,0,,0
slata-tounsia,Slata Tounsia,,104,4,1,0,0,,0
sloppy-joe-mix,Sloppy Joe Skillet,,87,4,1,1,0,,0
sloppy-joes,Sloppy Joes,,78,4,1,1,0,,0
smashed-chickpea-sandwich,Smashed Chickpea Sandwich,,109,4,0,0,0,,0
smashed-cucumber,Smashed Cucumber Salad,,102,4,2,1,0,,0
smoked-mackerel-pate,Smoked Mackerel Pâté,,82,4,1,0,0,,0
smoked-salmon-scrambled-eggs,Smoked Salmon Scrambled Eggs,,94,4,1,0,0,,0
smoothie-bowl,Berry Smoothie Bowl,,80,4,0,0,0,,0
smores,S'mores,,93,4,0,0,0,,0
smorrebrod,Smørrebrød,,85,4,0,0,0,,0
snickerdoodles,Snickerdoodles,,82,4,0,0,0,,0
sobia,Sobia,,105,4,1,0,0,,0
sobolo,Sobolo,,74,4,2,0,0,,0
soda-bread,Irish Soda Bread,,80,4,1,0,0,,0
soft-pretzels,Bavarian Soft Pretzels,,72,4,0,0,0,,0
sole-meuniere,Sole Meunière,,90,4,0,1,0,,0
sole-normande,Sole Normande,,101,4,1,1,0,,0
som-tam,Som Tam (Green Papaya Salad),,80,4,3,1,0,,0
sopa-de-fideo,Sopa de Fideo,,89,4,2,0,0,,0
sopa-de-tortilla,Sopa de Tortilla,,81,4,3,0,0,,0
sopes,Sopes,,87,4,0,0,0,,0
sorrel-drink,Sorrel Drink,,78,4,1,0,0,,0
soto-ayam,Soto Ayam,,78,4,3,0,0,,0
soupe-au-pistou,Soupe au Pistou,,81,4,1,0,0,,0
soupe-de-poisson,Soupe de Poisson,,108,4,2,0,0,,0
sourdough-bread,Artisan Sourdough Bread,,84,4,0,0,0,,0
soused-herring,Soused Herring,,109,4,0,0,0,,0
southern-fried-chicken,Southern Fried Chicken,,79,4,2,1,0,,0
soy-sauce-chicken,Soy Sauce Chicken,,120,4,2,1,0,,0
spaetzle,Käsespätzle,,76,4,0,1,0,,0
spaghetti-aglio-e-olio,Spaghetti Aglio e Olio,,93,4,1,0,0,,0
spaghetti-alle-vongole,Spaghetti alle Vongole,,85,4,2,0,0,,0
spaghetti-bolognese,Spaghetti Bolognese,,128,4,1,0,0,,0
spaghetti-carbonara,Spaghetti Carbonara,,83,4,0,0,0,,0
spam-musubi,Spam Musubi,,114,4,0,1,0,,0
spanakopita,Spanakopita,,74,4,1,0,0,,0
spiced-lamb-lettuce-cups,Spiced Lamb Lettuce Cups,,86,4,1,0,0,,0
spicy-wontons,Red Oil Wontons,,101,4,3,1,0,,0
spinach-artichoke-dip,Spinach and Artichoke Dip,,119,4,1,0,0,,0
split-pea-soup,Split Pea and Ham Soup,,129,4,2,0,0,,0
spotted-dick,Spotted Dick,,113,4,1,0,0,,0
spring-rolls,Crispy Spring Rolls,,73,4,3,2,0,,0
squash-soup,Roasted Butternut Squash Soup,,115,4,3,0,0,,0
sri-lankan-fish-curry,Sri Lankan Fish Curry,,75,4,3,0,0,,0
stamppot,Stamppot,,81,4,0,0,0,,0
stargazy-pie,Stargazy Pie,,130,4,1,1,0,,0
steak-and-ale-pie,Steak and Ale Pie,,87,4,1,2,0,,0
steak-and-kidney-pudding,Steak and Kidney Pudding,,121,4,1,2,0,,0
steak-frites,Steak Frites,,103,4,1,0,0,,0
steak-tartare,Steak Tartare,,96,4,0,1,0,,0
steamed-ribs-black-bean,Steamed Ribs with Black Bean,,106,4,3,1,0,,0
steamed-whole-fish,Steamed Whole Fish,,120,4,3,1,0,,0
sticky-toffee-pudding,Sticky Toffee Pudding,,76,4,2,0,0,,0
stir-fried-water-spinach,Stir-Fried Water Spinach,,111,4,2,0,0,,0
stoemp,Stoemp,,109,4,1,0,0,,0
stollen,Christstollen,,97,4,0,1,0,,0
stoofvlees,Stoofvlees,,90,4,0,1,0,,0
stovies,Stovies,,116,4,0,0,0,,0
strawberry-shortcake,Strawberry Shortcake,,117,4,1,0,0,,0
stroganoff-sauce,Stroganoff Sauce,,93,4,2,0,0,,0
stroopwafel,Stroopwafels,,77,4,0,0,0,,0
strozzapreti,Strozzapreti alla Boscaiola,,102,4,3,0,0,,0
struffoli,Struffoli,,103,4,0,0,0,,0
stuffed-marrow,Stuffed Marrow,,107,4,2,1,0,,0
stuffed-peppers,Greek Stuffed Peppers,,121,4,2,0,0,,0
stuffing,Sage and Onion Stuffing,,126,4,1,0,0,,0
sufganiyot,Sufganiyot,,111,4,0,0,0,,0
sugar-cookies,Cut-Out Sugar Cookies,,134,4,0,0,0,,0
sujeonggwa,Sujeonggwa,,88,4,1,0,0,,0
sukiyaki,Sukiyaki,,100,4,0,1,0,,0
summer-pudding,Summer Pudding,,113,4,0,0,0,,0
sundubu-jjigae,Sundubu Jjigae,,95,4,2,2,0,,0
suppli,Supplì,,99,4,2,1,0,,0
suya,Beef Suya,,91,4,1,0,0,,0
svickova,Svíčková,,85,4,1,0,0,,0
swedish-meatballs,Swedish Meatballs,,81,4,1,2,0,,0
sweet-and-sour-pork,Sweet and Sour Pork,,83,4,1,2,0,,0
sweet-potato-black-bean-tacos,Sweet Potato and Black Bean Tacos,,117,4,2,0,0,,0
sweet-potato-casserole,Sweet Potato Casserole,,121,4,0,1,0,,0
sweet-sour-spare-ribs,Sweet and Sour Spare Ribs,,115,4,2,1,0,,0
syllabub,Syllabub,,103,4,2,0,0,,0
syrniki,Syrniki,,76,4,0,1,0,,0
taameya,Ta'ameya,,121,4,2,0,0,,0
tabbouleh,Tabbouleh,,86,4,1,0,0,,0
tacos-al-pastor,Tacos al Pastor,,85,4,3,0,0,,0
tafelspitz,Tafelspitz,,84,4,0,0,0,,0
tagliatelle-al-ragu,Tagliatelle al Ragù,,102,4,1,0,0,,0
tahdig,Tahdig,,80,4,0,0,0,,0
tahina-salad,Egyptian Tahina,,98,4,2,0,0,,0
tajine-tunisien,Tajine Tunisien,,108,4,0,0,0,,0
takoyaki,Takoyaki,,87,4,2,2,0,,0
talami,Talami,,112,4,0,0,0,,0
tamagoyaki,Tamagoyaki,,98,4,0,1,0,,0
tamales,Pork Tamales,,85,4,3,0,0,,0
tandoori-chicken,Tandoori Chicken,,85,4,3,0,0,,0
tandoori-roti,Tandoori Roti,,88,4,0,0,0,,0
tangyuan,Tangyuan,,101,4,1,0,0,,0
tapenade,Tapenade,,103,4,1,0,0,,0
tarta-de-santiago,Tarta de Santiago,,80,4,0,0,0,,0
tarte-au-citron,Tarte au Citron,,101,4,0,0,0,,0
tarte-aux-pommes,Tarte aux Pommes,,94,4,0,0,0,,0
tarte-flambee,Tarte Flambée,,103,4,1,1,0,,0
tarte-normande,Tarte Normande,,93,4,1,0,0,,0
tarte-tatin,Apple Tarte Tatin,,77,4,0,0,0,,0
tartiflette,Tartiflette,,94,4,2,0,0,,0
tawa-pulao,Tawa Pulao,,86,4,3,0,0,,0
tea-eggs,Marbled Tea Eggs,,102,4,1,1,0,,0
tepache,Tepache,,98,4,0,0,0,,0
terrine-de-campagne,Terrine de Campagne,,101,4,2,0,0,,0
testaroli,Testaroli al Pesto,,99,4,1,0,0,,0
thai-fried-rice,Thai Pineapple Fried Rice,,77,4,3,1,0,,0
thai-green-curry,Thai Green Curry,,84,4,3,1,0,,0
thai-iced-tea,Thai Iced Tea,,95,4,0,0,0,,0
thai-red-curry,Thai Red Curry,,86,4,3,1,0,,0
thai-yellow-curry,Thai Yellow Curry,,80,4,3,1,0,,0
thandai,Thandai,,90,4,0,0,0,,0
the-aux-pignons,Thé aux Pignons,,112,4,0,0,0,,0
three-cup-chicken,Three Cup Chicken,,126,4,3,1,0,,0
tiramisu,Classic Tiramisu,,90,4,1,0,0,,0
tiramisu-gelato,Vanilla Gelato,,88,4,1,0,0,,0
tiropita,Tiropita,,85,4,0,0,0,,0
toad-in-the-hole,Toad in the Hole,,87,4,0,2,0,,0
toast-skagen,Toast Skagen,,86,4,0,0,0,,0
tofu-edamame-stir-fry,Tofu and Edamame Stir-Fry,,90,4,3,1,0,,0
tofu-katsu-curry,Tofu Katsu Curry,,107,4,3,2,0,,0
tom-kha-gai,Tom Kha Gai,,73,4,3,1,0,,0
tom-yum-goong,Tom Yum Goong,,83,4,2,1,0,,0
tomato-egg-stir-fry,Tomato and Egg Stir-Fry,,83,4,2,1,0,,0
tonkatsu,Tonkatsu,,92,4,1,1,0,,0
tonkotsu-ramen,Tonkotsu Ramen,,89,4,3,1,0,,0
torly,Torly,,107,4,1,0,0,,0
torshi,Torshi,,93,4,2,0,0,,0
torta-caprese,Torta Caprese,,82,4,0,0,0,,0
torta-pasqualina,Torta Pasqualina,,128,4,0,1,0,,0
tortellini-in-brodo,Tortellini in Brodo,,93,4,0,0,0,,0
tortilla-espanola,Tortilla Española,,99,4,0,0,0,,0
tostadas,Tinga Tostadas,,81,4,3,0,0,,0
toum,Toum,,142,4,1,0,0,,0
trdelnik,Trdelník,,76,4,0,0,0,,0
treacle-sponge,Treacle Sponge Pudding,,122,4,1,0,0,,0
treacle-tart,Treacle Tart,,110,4,1,0,0,,0
tres-leches-cake,Tres Leches Cake,,85,4,1,0,0,,0
trifle,English Trifle,,90,4,1,0,0,,0
trippa-alla-romana,Trippa alla Romana,,113,4,2,0,0,,0
trofie-al-pesto,Trofie al Pesto,,97,4,1,0,0,,0
truffade,Truffade,,103,4,1,0,0,,0
tteok-galbi,Tteok Galbi,,85,4,2,1,0,,0
tteokbokki,Tteokbokki,,68,4,2,1,0,,0
tuna-caper-pasta,Tuna and Caper Pasta,,108,4,1,0,0,,0
tuna-casserole,Tuna Noodle Casserole,,111,4,3,1,0,,0
tuna-melt,Tuna Melt,,81,4,1,0,0,,0
tuna-salad,Tuna Salad,,78,4,0,0,0,,0
tuna-salad-sandwich,Tuna Salad Sandwich,,115,4,0,0,0,,0
tuna-white-bean-salad,Tuna and White Bean Salad,,90,4,0,0,0,,0
turkish-coffee,Turkish Coffee,,87,4,0,0,0,,0
turkish-delight,Turkish Delight,,94,4,0,0,0,,0
turkish-lentil-soup,Turkish Lentil Soup,,77,4,1,0,0,,0
turkish-pide,Turkish Pide,,92,4,0,0,0,,0
turkish-pilav,Turkish Pilav,,85,4,0,0,0,,0
turnip-cake,Lo Bak Go,,85,4,2,0,0,,0
twice-cooked-pork,Twice-Cooked Pork,,87,4,3,1,0,,0
tzatziki,Tzatziki,,73,4,1,0,0,,0
udon-noodle-soup,Kake Udon Noodle Soup,,82,4,1,1,0,,0
ugali-sukuma,Ugali and Sukuma Wiki,,83,4,1,0,0,,0
uitsmijter,Uitsmijter,,90,4,0,0,0,,0
unagi-don,Unagi Don,,83,4,1,1,0,,0
upma,Upma,,77,4,2,0,0,,0
vada-pav,Vada Pav,,77,4,3,0,0,,0
vanilla-cupcakes,Vanilla Cupcakes,,79,4,1,0,0,,0
vanilla-sponge-cake,Vanilla Sponge Cake,,118,4,0,0,0,,0
vanocka,Vánočka,,83,4,0,0,0,,0
varenyky,Varenyky,,76,4,0,1,0,,0
veg-biryani,Vegetable Biryani,,99,4,3,0,0,,0
veg-kolhapuri,Veg Kolhapuri,,82,4,3,0,0,,0
veg-momos,Vegetable Momos,,86,4,3,2,0,,0
vegan-mac,Butternut Mac and Cheese,,109,4,2,0,0,,0
vegan-shepherds-pie,Lentil Shepherd's Pie,,116,4,2,1,0,,0
vegetable-pakoras,Vegetable Pakoras,,74,4,2,0,0,,0
vegetable-stir-fry,Vegetable Stir-Fry,,83,4,3,1,0,,0
vichyssoise,Vichyssoise,,100,4,1,0,0,,0
victoria-sponge,Victoria Sponge,,87,4,2,0,0,,0
vietnamese-egg-coffee,Vietnamese Egg Coffee,,103,4,0,0,0,,0
vietnamese-iced-coffee,Cà Phê Sữa Đá,,85,4,0,0,0,,0
vinegar-cabbage,Vinegar Cabbage,,98,4,3,1,0,,0
vitello-tonnato,Vitello Tonnato,,67,4,1,0,0,,0
waakye,Waakye,,77,4,1,0,0,,0
warak-enab,Warak Enab,,113,4,0,0,0,,0
watercress-soup,Watercress Soup,,109,4,1,0,0,,0
welsh-cakes,Welsh Cakes,,110,4,1,0,0,,0
welsh-rarebit,Welsh Rarebit,,81,4,1,1,0,,0
west-lake-beef-soup,West Lake Beef Soup,,111,4,3,1,0,,0
white-cut-chicken,White Cut Chicken,,110,4,2,0,0,,0
winter-melon-soup,Winter Melon Soup,,101,4,2,0,0,,0
wonton-noodle-soup,Wonton Noodle Soup,,85,4,3,1,0,,0
wonton-soup,Wonton Soup,,80,4,3,1,0,,0
wood-ear-salad,Wood Ear Salad,,99,4,3,1,0,,0
xiao-long-bao,Xiao Long Bao,,85,4,2,2,0,,0
xo-sauce,XO Sauce,,104,4,3,1,0,,0
yakhnet-batata,Yakhnet Batata,,109,4,1,0,0,,0
yakisoba,Yakisoba,,89,4,1,2,0,,0
yakitori,Yakitori Chicken Skewers,,82,4,3,1,0,,0
yangzhou-fried-rice,Yangzhou Fried Rice,,109,4,2,1,0,,0
yogurt-marinated-chicken-skewers,Yoghurt-Marinated Chicken Skewers,,90,4,2,0,0,,0
yong-tau-foo,Yong Tau Foo,,106,4,3,1,0,,0
youtiao,Youtiao,,112,4,0,1,0,,0
youvetsi,Youvetsi,,82,4,1,0,0,,0
yuxiang-rousi,Yuxiang Rousi,,107,4,3,1,0,,0
zaalouk,Zaalouk,,80,4,1,0,0,,0
zalabya,Zalabya,,107,4,0,0,0,,0
zapiekanka,Zapiekanka,,94,4,1,0,0,,0
zaru-soba,Zaru Soba,,90,4,1,1,0,,0
zeppole,Zeppole,,85,4,0,0,0,,0
zhajiangmian,Zhajiangmian,,120,4,3,0,0,,0
zlabia,Zlabia,,110,4,0,0,0,,0
znoud-el-sit,Znoud el Sit,,117,4,1,0,0,,0
zongzi,Zongzi,,110,4,0,1,0,,0
zosui,Zosui,,86,4,2,1,0,,0
zucchini-bread,Courgette Bread,,122,4,0,0,0,,0
zucchini-lasagna,Courgette Lasagne,,106,4,2,0,0,,0
zuppa-inglese,Zuppa Inglese,,103,4,0,0,0,,0
zurek,Żurek,,73,4,1,0,0,,0
